"../../../Engine/Plugins/2D/Paper2D/Content/PlaceholderTextures/DummySpriteTexture.ubulk" 0
"../../../Engine/Plugins/2D/Paper2D/Content/PlaceholderTextures/DummySpriteTexture.uasset" 1
"../../../Engine/Plugins/2D/Paper2D/Content/PlaceholderTextures/DummySpriteTexture.uexp" 2
"../../../Engine/Plugins/2D/Paper2D/Content/DummySprite.uasset" 3
"../../../Engine/Plugins/2D/Paper2D/Content/DummySprite.uexp" 4
"../../../Engine/Plugins/2D/Paper2D/Content/DefaultPaperTerrainMaterial.uasset" 5
"../../../Engine/Plugins/2D/Paper2D/Content/DefaultPaperTerrainMaterial.uexp" 6
"../../../Engine/Plugins/Animation/ACLPlugin/Content/ACLAnimCurveCompressionSettings.uasset" 7
"../../../Engine/Plugins/Animation/ACLPlugin/Content/ACLAnimCurveCompressionSettings.uexp" 8
"../../../Engine/Content/Animation/DefaultRecorderBoneCompression.uasset" 9
"../../../Engine/Content/Animation/DefaultRecorderBoneCompression.uexp" 10
"../../../Engine/Plugins/Animation/ControlRig/Content/Controls/DefaultGizmoLibraryNormalized.uasset" 11
"../../../Engine/Plugins/Animation/ControlRig/Content/Controls/DefaultGizmoLibraryNormalized.uexp" 12
"../../../Engine/Content/EngineSounds/Master.uasset" 13
"../../../Engine/Content/EngineSounds/Master.uexp" 14
"../../../Engine/Content/EngineMaterials/DefaultPhysicalMaterial.uasset" 15
"../../../Engine/Content/EngineMaterials/DefaultPhysicalMaterial.uexp" 16
"../../../Engine/Content/EngineMaterials/DefaultDestructiblePhysicalMaterial.uasset" 17
"../../../Engine/Content/EngineMaterials/DefaultDestructiblePhysicalMaterial.uexp" 18
"../../../Engine/Content/EngineFonts/Faces/DroidSansFallback.uexp" 19
"../../../Engine/Content/EngineFonts/Faces/DroidSansFallback.uasset" 20
"../../../Engine/Content/EngineFonts/Faces/DroidSansFallback.ufont" 21
"../../../Engine/Content/EngineFonts/Faces/RobotoBold.uexp" 22
"../../../Engine/Content/EngineFonts/Faces/RobotoBold.uasset" 23
"../../../Engine/Content/EngineFonts/Faces/RobotoBold.ufont" 24
"../../../Engine/Content/EngineFonts/Faces/RobotoBoldItalic.uexp" 25
"../../../Engine/Content/EngineFonts/Faces/RobotoBoldItalic.uasset" 26
"../../../Engine/Content/EngineFonts/Faces/RobotoBoldItalic.ufont" 27
"../../../Engine/Content/EngineFonts/Faces/RobotoItalic.uexp" 28
"../../../Engine/Content/EngineFonts/Faces/RobotoItalic.uasset" 29
"../../../Engine/Content/EngineFonts/Faces/RobotoItalic.ufont" 30
"../../../Engine/Content/EngineFonts/Faces/RobotoLight.uexp" 31
"../../../Engine/Content/EngineFonts/Faces/RobotoLight.uasset" 32
"../../../Engine/Content/EngineFonts/Faces/RobotoLight.ufont" 33
"../../../Engine/Content/EngineFonts/Faces/RobotoRegular.uexp" 34
"../../../Engine/Content/EngineFonts/Faces/RobotoRegular.uasset" 35
"../../../Engine/Content/EngineFonts/Faces/RobotoRegular.ufont" 36
"../../../Engine/Content/EngineFonts/Roboto.uasset" 37
"../../../Engine/Content/EngineFonts/Roboto.uexp" 38
"../../../Engine/Plugins/Interchange/Runtime/Content/Pipelines/DefaultTexturePipeline.uasset" 39
"../../../Engine/Plugins/Interchange/Runtime/Content/Pipelines/DefaultTexturePipeline.uexp" 40
"../../../Engine/Plugins/Interchange/Runtime/Content/Pipelines/DefaultSceneLevelPipeline.uasset" 41
"../../../Engine/Plugins/Interchange/Runtime/Content/Pipelines/DefaultSceneLevelPipeline.uexp" 42
"../../../Engine/Plugins/Interchange/Runtime/Content/Pipelines/DefaultSceneAssetsPipeline.uasset" 43
"../../../Engine/Plugins/Interchange/Runtime/Content/Pipelines/DefaultSceneAssetsPipeline.uexp" 44
"../../../Engine/Plugins/Interchange/Runtime/Content/Pipelines/DefaultMaterialXPipeline.uasset" 45
"../../../Engine/Plugins/Interchange/Runtime/Content/Pipelines/DefaultMaterialXPipeline.uexp" 46
"../../../Engine/Plugins/Interchange/Runtime/Content/Pipelines/DefaultMaterialPipeline.uasset" 47
"../../../Engine/Plugins/Interchange/Runtime/Content/Pipelines/DefaultMaterialPipeline.uexp" 48
"../../../Engine/Plugins/Interchange/Runtime/Content/Pipelines/DefaultGLTFSceneAssetsPipeline.uasset" 49
"../../../Engine/Plugins/Interchange/Runtime/Content/Pipelines/DefaultGLTFSceneAssetsPipeline.uexp" 50
"../../../Engine/Plugins/Interchange/Runtime/Content/Pipelines/DefaultGLTFPipeline.uasset" 51
"../../../Engine/Plugins/Interchange/Runtime/Content/Pipelines/DefaultGLTFPipeline.uexp" 52
"../../../Engine/Plugins/Interchange/Runtime/Content/Pipelines/DefaultGLTFAssetsPipeline.uasset" 53
"../../../Engine/Plugins/Interchange/Runtime/Content/Pipelines/DefaultGLTFAssetsPipeline.uexp" 54
"../../../Engine/Plugins/Interchange/Runtime/Content/Pipelines/DefaultAssetsPipeline.uasset" 55
"../../../Engine/Plugins/Interchange/Runtime/Content/Pipelines/DefaultAssetsPipeline.uexp" 56
"../../../Engine/Content/MobileResources/HUD/VirtualJoystick_Thumb.uasset" 57
"../../../Engine/Content/MobileResources/HUD/VirtualJoystick_Thumb.uexp" 58
"../../../Engine/Content/MobileResources/HUD/VirtualJoystick_Background.uasset" 59
"../../../Engine/Content/MobileResources/HUD/VirtualJoystick_Background.uexp" 60
"../../../Engine/Content/MobileResources/HUD/DefaultVirtualJoysticks.uasset" 61
"../../../Engine/Content/MobileResources/HUD/DefaultVirtualJoysticks.uexp" 62
"../../../Engine/Content/EngineResources/GradientTexture0.uasset" 63
"../../../Engine/Content/EngineResources/GradientTexture0.uexp" 64
"../../../Engine/Content/EngineResources/Black.uasset" 65
"../../../Engine/Content/EngineResources/Black.uexp" 66
"../../../Engine/Content/EditorResources/S_Actor.ubulk" 67
"../../../Engine/Content/EditorResources/S_Actor.uasset" 68
"../../../Engine/Content/EditorResources/S_Actor.uexp" 69
"../../../Engine/Plugins/NNE/NNEDenoiser/Content/NNEDTOM_Output_Default.uasset" 70
"../../../Engine/Plugins/NNE/NNEDenoiser/Content/NNEDTOM_Output_Default.uexp" 71
"../../../Engine/Plugins/NNE/NNEDenoiser/Content/NNEDTOM_Output_Alpha.uasset" 72
"../../../Engine/Plugins/NNE/NNEDenoiser/Content/NNEDTOM_Output_Alpha.uexp" 73
"../../../Engine/Plugins/NNE/NNEDenoiser/Content/NNEDTIM_ColorAlbedoNormal_Default.uasset" 74
"../../../Engine/Plugins/NNE/NNEDenoiser/Content/NNEDTIM_ColorAlbedoNormal_Default.uexp" 75
"../../../Engine/Plugins/NNE/NNEDenoiser/Content/NNEDTIM_ColorAlbedoNormal_Alpha.uasset" 76
"../../../Engine/Plugins/NNE/NNEDenoiser/Content/NNEDTIM_ColorAlbedoNormal_Alpha.uexp" 77
"../../../Engine/Plugins/NNE/NNEDenoiser/Content/NNEDOM_Output_Default.uasset" 78
"../../../Engine/Plugins/NNE/NNEDenoiser/Content/NNEDOM_Output_Default.uexp" 79
"../../../Engine/Plugins/NNE/NNEDenoiser/Content/NNEDOM_Output_Alpha.uasset" 80
"../../../Engine/Plugins/NNE/NNEDenoiser/Content/NNEDOM_Output_Alpha.uexp" 81
"../../../Engine/Plugins/NNE/NNEDenoiser/Content/NNEDIM_HighQuality_Default.uasset" 82
"../../../Engine/Plugins/NNE/NNEDenoiser/Content/NNEDIM_HighQuality_Default.uexp" 83
"../../../Engine/Plugins/NNE/NNEDenoiser/Content/NNEDIM_HighQuality_Alpha.uasset" 84
"../../../Engine/Plugins/NNE/NNEDenoiser/Content/NNEDIM_HighQuality_Alpha.uexp" 85
"../../../Engine/Plugins/NNE/NNEDenoiser/Content/NNEDIM_ColorAlbedoNormal_Default.uasset" 86
"../../../Engine/Plugins/NNE/NNEDenoiser/Content/NNEDIM_ColorAlbedoNormal_Default.uexp" 87
"../../../Engine/Plugins/NNE/NNEDenoiser/Content/NNEDIM_ColorAlbedoNormal_Alpha.uasset" 88
"../../../Engine/Plugins/NNE/NNEDenoiser/Content/NNEDIM_ColorAlbedoNormal_Alpha.uexp" 89
"../../../Engine/Content/Functions/Engine_MaterialFunctions02/WorldPositionOffset/CameraOffset.uasset" 90
"../../../Engine/Content/Functions/Engine_MaterialFunctions02/WorldPositionOffset/CameraOffset.uexp" 91
"../../../Engine/Plugins/Animation/ControlRig/Content/M_Manip.uasset" 92
"../../../Engine/Plugins/Animation/ControlRig/Content/M_Manip.uexp" 93
"../../../Engine/Content/BasicShapes/BasicShapeMaterial.uasset" 94
"../../../Engine/Content/BasicShapes/BasicShapeMaterial.uexp" 95
"../../../Engine/Content/EditorResources/S_TriggerSphere.uasset" 96
"../../../Engine/Content/EditorResources/S_TriggerSphere.uexp" 97
"../../../Engine/Content/EditorResources/S_TriggerCapsule.uasset" 98
"../../../Engine/Content/EditorResources/S_TriggerCapsule.uexp" 99
"../../../Engine/Content/EditorResources/S_TriggerBox.uasset" 100
"../../../Engine/Content/EditorResources/S_TriggerBox.uexp" 101
"../../../Engine/Content/EditorResources/S_Trigger.ubulk" 102
"../../../Engine/Content/EditorResources/S_Trigger.uasset" 103
"../../../Engine/Content/EditorResources/S_Trigger.uexp" 104
"../../../Engine/Content/EditorResources/S_Terrain.ubulk" 105
"../../../Engine/Content/EditorResources/S_Terrain.uasset" 106
"../../../Engine/Content/EditorResources/S_Terrain.uexp" 107
"../../../Engine/Content/EditorResources/S_Solver.ubulk" 108
"../../../Engine/Content/EditorResources/S_Solver.uasset" 109
"../../../Engine/Content/EditorResources/S_Solver.uexp" 110
"../../../Engine/Content/EditorResources/S_BoxReflectionCapture.uasset" 111
"../../../Engine/Content/EditorResources/S_BoxReflectionCapture.uexp" 112
"../../../Engine/Content/EditorResources/BSPVertex.uasset" 113
"../../../Engine/Content/EditorResources/BSPVertex.uexp" 114
"../../../Engine/Content/EditorMaterials/PreviewShadowIndicator.ubulk" 115
"../../../Engine/Content/EditorMaterials/PreviewShadowIndicator.uasset" 116
"../../../Engine/Content/EditorMaterials/PreviewShadowIndicator.uexp" 117
"../../../Engine/Content/EditorMaterials/PreviewShadowIndicatorMaterial.uasset" 118
"../../../Engine/Content/EditorMaterials/PreviewShadowIndicatorMaterial.uexp" 119
"../../../Engine/Content/EditorMaterials/PhAT_UnselectedMaterial.uasset" 120
"../../../Engine/Content/EditorMaterials/PhAT_UnselectedMaterial.uexp" 121
"../../../Engine/Content/EditorMaterials/PhAT_NoCollisionMaterial.uasset" 122
"../../../Engine/Content/EditorMaterials/PhAT_NoCollisionMaterial.uexp" 123
"../../../Engine/Content/EditorLandscapeResources/WhiteSquareTexture.uasset" 124
"../../../Engine/Content/EditorLandscapeResources/WhiteSquareTexture.uexp" 125
"../../../Engine/Content/EditorLandscapeResources/LayerVisMaterial.uasset" 126
"../../../Engine/Content/EditorLandscapeResources/LayerVisMaterial.uexp" 127
"../../../Engine/Content/Functions/Engine_MaterialFunctions02/Utility/BreakOutFloat2Components.uasset" 128
"../../../Engine/Content/Functions/Engine_MaterialFunctions02/Utility/BreakOutFloat2Components.uexp" 129
"../../../Engine/Content/Functions/Engine_MaterialFunctions01/Texturing/ScaleUVsByCenter.uasset" 130
"../../../Engine/Content/Functions/Engine_MaterialFunctions01/Texturing/ScaleUVsByCenter.uexp" 131
"../../../Engine/Content/Functions/Engine_MaterialFunctions02/WorldPositionOffset/LocalPosition.uasset" 132
"../../../Engine/Content/Functions/Engine_MaterialFunctions02/WorldPositionOffset/LocalPosition.uexp" 133
"../../../Engine/Content/EngineMaterials/DefaultDiffuse.ubulk" 134
"../../../Engine/Content/EngineMaterials/DefaultDiffuse.uasset" 135
"../../../Engine/Content/EngineMaterials/DefaultDiffuse.uexp" 136
"../../../Engine/Content/Functions/Engine_MaterialFunctions01/Texturing/TextureCropping.uasset" 137
"../../../Engine/Content/Functions/Engine_MaterialFunctions01/Texturing/TextureCropping.uexp" 138
"../../../Engine/Content/Functions/Engine_MaterialFunctions02/ExampleContent/DebugNumberStrip.uasset" 139
"../../../Engine/Content/Functions/Engine_MaterialFunctions02/ExampleContent/DebugNumberStrip.uexp" 140
"../../../Engine/Content/Functions/Engine_MaterialFunctions01/Debug/DebugIntValues.uasset" 141
"../../../Engine/Content/Functions/Engine_MaterialFunctions01/Debug/DebugIntValues.uexp" 142
"../../../Engine/Content/EditorLandscapeResources/LandscapeLayerUsageMaterial.uasset" 143
"../../../Engine/Content/EditorLandscapeResources/LandscapeLayerUsageMaterial.uexp" 144
"../../../Engine/Content/EditorLandscapeResources/DefaultAlphaTexture.uasset" 145
"../../../Engine/Content/EditorLandscapeResources/DefaultAlphaTexture.uexp" 146
"../../../Engine/Content/EditorLandscapeResources/LandscapeDirtyMaterial.uasset" 147
"../../../Engine/Content/EditorLandscapeResources/LandscapeDirtyMaterial.uexp" 148
"../../../Engine/Content/Functions/Engine_MaterialFunctions02/Utility/BreakOutFloat3Components.uasset" 149
"../../../Engine/Content/Functions/Engine_MaterialFunctions02/Utility/BreakOutFloat3Components.uexp" 150
"../../../Engine/Content/Functions/Engine_MaterialFunctions02/Utility/VectorLength.uasset" 151
"../../../Engine/Content/Functions/Engine_MaterialFunctions02/Utility/VectorLength.uexp" 152
"../../../Engine/Content/Functions/Engine_MaterialFunctions02/WorldPositionOffset/ObjectScale.uasset" 153
"../../../Engine/Content/Functions/Engine_MaterialFunctions02/WorldPositionOffset/ObjectScale.uexp" 154
"../../../Engine/Content/Functions/Engine_MaterialFunctions02/SafeNormalize.uasset" 155
"../../../Engine/Content/Functions/Engine_MaterialFunctions02/SafeNormalize.uexp" 156
"../../../Engine/Plugins/Editor/SpeedTreeImporter/Content/SpeedTree9/UnpackInteger3.uasset" 157
"../../../Engine/Plugins/Editor/SpeedTreeImporter/Content/SpeedTree9/UnpackInteger3.uexp" 158
"../../../Engine/Plugins/Editor/SpeedTreeImporter/Content/SpeedTree9/UnpackDirection.uasset" 159
"../../../Engine/Plugins/Editor/SpeedTreeImporter/Content/SpeedTree9/UnpackDirection.uexp" 160
"../../../Engine/Plugins/Editor/SpeedTreeImporter/Content/SpeedTree9/game_wind_noise.ubulk" 161
"../../../Engine/Plugins/Editor/SpeedTreeImporter/Content/SpeedTree9/game_wind_noise.uasset" 162
"../../../Engine/Plugins/Editor/SpeedTreeImporter/Content/SpeedTree9/game_wind_noise.uexp" 163
"../../../Engine/Plugins/Editor/SpeedTreeImporter/Content/SpeedTree9/SpeedTreeWindMotion.uasset" 164
"../../../Engine/Plugins/Editor/SpeedTreeImporter/Content/SpeedTree9/SpeedTreeWindMotion.uexp" 165
"../../../Engine/Content/Functions/Engine_MaterialFunctions02/ObjectLocalBounds.uasset" 166
"../../../Engine/Content/Functions/Engine_MaterialFunctions02/ObjectLocalBounds.uexp" 167
"../../../Engine/Content/Functions/Engine_MaterialFunctions02/UVs/BoundingBoxBased_0-1_UVW.uasset" 168
"../../../Engine/Content/Functions/Engine_MaterialFunctions02/UVs/BoundingBoxBased_0-1_UVW.uexp" 169
"../../../Engine/Plugins/Editor/SpeedTreeImporter/Content/SpeedTree9/SpeedTreeBranchMotion.uasset" 170
"../../../Engine/Plugins/Editor/SpeedTreeImporter/Content/SpeedTree9/SpeedTreeBranchMotion.uexp" 171
"../../../Engine/Plugins/Editor/SpeedTreeImporter/Content/SpeedTree9/SpeedTreeWind.uasset" 172
"../../../Engine/Plugins/Editor/SpeedTreeImporter/Content/SpeedTree9/SpeedTreeWind.uexp" 173
"../../../Engine/Plugins/Editor/SpeedTreeImporter/Content/SpeedTree9/SpeedTreeCameraFacing.uasset" 174
"../../../Engine/Plugins/Editor/SpeedTreeImporter/Content/SpeedTree9/SpeedTreeCameraFacing.uexp" 175
"../../../Engine/Plugins/Editor/SpeedTreeImporter/Content/SpeedTree9/Empty.uasset" 176
"../../../Engine/Plugins/Editor/SpeedTreeImporter/Content/SpeedTree9/Empty.uexp" 177
"../../../Engine/Plugins/Editor/SpeedTreeImporter/Content/SpeedTree9/EmptyNormal.uasset" 178
"../../../Engine/Plugins/Editor/SpeedTreeImporter/Content/SpeedTree9/EmptyNormal.uexp" 179
"../../../Engine/Plugins/Editor/SpeedTreeImporter/Content/SpeedTree9/SpeedTreeMaster.uasset" 180
"../../../Engine/Plugins/Editor/SpeedTreeImporter/Content/SpeedTree9/SpeedTreeMaster.uexp" 181
"../../../Engine/Plugins/Editor/SpeedTreeImporter/Content/SpeedTree9/SpeedTreeBillboard.uasset" 182
"../../../Engine/Plugins/Editor/SpeedTreeImporter/Content/SpeedTree9/SpeedTreeBillboard.uexp" 183
"../../../Engine/Plugins/Editor/SpeedTreeImporter/Content/SpeedTree9/SpeedTreeBillboardMaster.uasset" 184
"../../../Engine/Plugins/Editor/SpeedTreeImporter/Content/SpeedTree9/SpeedTreeBillboardMaster.uexp" 185
"../../../Engine/Plugins/Animation/ControlRig/Content/Controls/ControlRigXRayMaterial.uasset" 186
"../../../Engine/Plugins/Animation/ControlRig/Content/Controls/ControlRigXRayMaterial.uexp" 187
"../../../Engine/Plugins/Animation/ControlRig/Content/Controls/ControlRigGizmoMaterial.uasset" 188
"../../../Engine/Plugins/Animation/ControlRig/Content/Controls/ControlRigGizmoMaterial.uexp" 189
"../../../Engine/Content/EngineMaterials/RemoveSurfaceMaterial.uasset" 190
"../../../Engine/Content/EngineMaterials/RemoveSurfaceMaterial.uexp" 191
"../../../Engine/Content/EngineMaterials/PreintegratedSkinBRDF.uasset" 192
"../../../Engine/Content/EngineMaterials/PreintegratedSkinBRDF.uexp" 193
"../../../Engine/Content/EngineMaterials/DefaultCalibrationGrayscale.uasset" 194
"../../../Engine/Content/EngineMaterials/DefaultCalibrationGrayscale.uexp" 195
"../../../Engine/Content/EngineMaterials/PPM_DefaultCalibrationGrayscale.uasset" 196
"../../../Engine/Content/EngineMaterials/PPM_DefaultCalibrationGrayscale.uexp" 197
"../../../Engine/Content/EngineMaterials/DefaultCalibrationColor.uasset" 198
"../../../Engine/Content/EngineMaterials/DefaultCalibrationColor.uexp" 199
"../../../Engine/Content/EngineMaterials/PPM_DefaultCalibrationColor.uasset" 200
"../../../Engine/Content/EngineMaterials/PPM_DefaultCalibrationColor.uexp" 201
"../../../Engine/Content/EngineMaterials/PhAT_JointLimitMaterial.uasset" 202
"../../../Engine/Content/EngineMaterials/PhAT_JointLimitMaterial.uexp" 203
"../../../Engine/Content/EngineMaterials/NaniteHiddenSectionMaterial.uasset" 204
"../../../Engine/Content/EngineMaterials/NaniteHiddenSectionMaterial.uexp" 205
"../../../Engine/Content/EngineMaterials/InvalidLightmapSettings.ubulk" 206
"../../../Engine/Content/EngineMaterials/InvalidLightmapSettings.uasset" 207
"../../../Engine/Content/EngineMaterials/InvalidLightmapSettings.uexp" 208
"../../../Engine/Content/EngineMaterials/M_InvalidLightmapSettings.uasset" 209
"../../../Engine/Content/EngineMaterials/M_InvalidLightmapSettings.uexp" 210
"../../../Engine/Content/EngineMaterials/MiniFont.uasset" 211
"../../../Engine/Content/EngineMaterials/MiniFont.uexp" 212
"../../../Engine/Content/EngineMaterials/GizmoMaterial.uasset" 213
"../../../Engine/Content/EngineMaterials/GizmoMaterial.uexp" 214
"../../../Engine/Content/EngineMaterials/BaseFlattenDiffuseMap_VT.ubulk" 215
"../../../Engine/Content/EngineMaterials/BaseFlattenDiffuseMap_VT.uasset" 216
"../../../Engine/Content/EngineMaterials/BaseFlattenDiffuseMap_VT.uexp" 217
"../../../Engine/Content/EngineMaterials/BaseFlattenEmissiveMap_VT.ubulk" 218
"../../../Engine/Content/EngineMaterials/BaseFlattenEmissiveMap_VT.uasset" 219
"../../../Engine/Content/EngineMaterials/BaseFlattenEmissiveMap_VT.uexp" 220
"../../../Engine/Content/EngineMaterials/BaseFlattenGrayscaleMap_VT.ubulk" 221
"../../../Engine/Content/EngineMaterials/BaseFlattenGrayscaleMap_VT.uasset" 222
"../../../Engine/Content/EngineMaterials/BaseFlattenGrayscaleMap_VT.uexp" 223
"../../../Engine/Content/EngineMaterials/BaseFlattenLinearColor_VT.ubulk" 224
"../../../Engine/Content/EngineMaterials/BaseFlattenLinearColor_VT.uasset" 225
"../../../Engine/Content/EngineMaterials/BaseFlattenLinearColor_VT.uexp" 226
"../../../Engine/Content/EngineMaterials/BaseFlattenNormalMap_VT.ubulk" 227
"../../../Engine/Content/EngineMaterials/BaseFlattenNormalMap_VT.uasset" 228
"../../../Engine/Content/EngineMaterials/BaseFlattenNormalMap_VT.uexp" 229
"../../../Engine/Content/EngineMaterials/Black_1x1_EXR_Texture_VT.ubulk" 230
"../../../Engine/Content/EngineMaterials/Black_1x1_EXR_Texture_VT.uasset" 231
"../../../Engine/Content/EngineMaterials/Black_1x1_EXR_Texture_VT.uexp" 232
"../../../Engine/Content/EngineMaterials/FlattenMaterial_WS_Normal_VT.uasset" 233
"../../../Engine/Content/EngineMaterials/FlattenMaterial_WS_Normal_VT.uexp" 234
"../../../Engine/Content/EngineMaterials/FlattenMaterial_VT.uasset" 235
"../../../Engine/Content/EngineMaterials/FlattenMaterial_VT.uexp" 236
"../../../Engine/Content/EngineMaterials/BaseFlattenNormalMap.uasset" 237
"../../../Engine/Content/EngineMaterials/BaseFlattenNormalMap.uexp" 238
"../../../Engine/Content/EngineMaterials/BaseFlattenDiffuseMap.uasset" 239
"../../../Engine/Content/EngineMaterials/BaseFlattenDiffuseMap.uexp" 240
"../../../Engine/Content/EngineMaterials/BaseFlattenEmissiveMap.uasset" 241
"../../../Engine/Content/EngineMaterials/BaseFlattenEmissiveMap.uexp" 242
"../../../Engine/Content/EngineMaterials/BaseFlattenGrayscaleMap.uasset" 243
"../../../Engine/Content/EngineMaterials/BaseFlattenGrayscaleMap.uexp" 244
"../../../Engine/Content/EngineMaterials/BaseFlattenLinearColor.uasset" 245
"../../../Engine/Content/EngineMaterials/BaseFlattenLinearColor.uexp" 246
"../../../Engine/Content/Functions/Engine_MaterialFunctions02/PivotPainter2/Black_1x1_EXR_Texture.uasset" 247
"../../../Engine/Content/Functions/Engine_MaterialFunctions02/PivotPainter2/Black_1x1_EXR_Texture.uexp" 248
"../../../Engine/Content/EngineMaterials/FlattenMaterial.uasset" 249
"../../../Engine/Content/EngineMaterials/FlattenMaterial.uexp" 250
"../../../Engine/Content/EngineMaterials/FastBlueNoise_vec2_128x128x64.uasset" 251
"../../../Engine/Content/EngineMaterials/FastBlueNoise_vec2_128x128x64.uexp" 252
"../../../Engine/Content/EngineMaterials/FastBlueNoise_scalar_128x128x8.uasset" 253
"../../../Engine/Content/EngineMaterials/FastBlueNoise_scalar_128x128x8.uexp" 254
"../../../Engine/Content/EngineMaterials/FastBlueNoise_scalar_128x128x64.uasset" 255
"../../../Engine/Content/EngineMaterials/FastBlueNoise_scalar_128x128x64.uexp" 256
"../../../Engine/Content/EngineMaterials/DefaultWhiteGrid_Low.uasset" 257
"../../../Engine/Content/EngineMaterials/DefaultWhiteGrid_Low.uexp" 258
"../../../Engine/Content/EngineMaterials/EmissiveMeshMaterial.uasset" 259
"../../../Engine/Content/EngineMaterials/EmissiveMeshMaterial.uexp" 260
"../../../Engine/Content/EngineMaterials/DefaultWhiteGrid.ubulk" 261
"../../../Engine/Content/EngineMaterials/DefaultWhiteGrid.uasset" 262
"../../../Engine/Content/EngineMaterials/DefaultWhiteGrid.uexp" 263
"../../../Engine/Content/EngineFonts/RobotoDistanceField.uasset" 264
"../../../Engine/Content/EngineFonts/RobotoDistanceField.uexp" 265
"../../../Engine/Content/EngineMaterials/DefaultTextMaterialOpaque.uasset" 266
"../../../Engine/Content/EngineMaterials/DefaultTextMaterialOpaque.uexp" 267
"../../../Engine/Content/EngineMaterials/DefaultPostProcessMaterial.uasset" 268
"../../../Engine/Content/EngineMaterials/DefaultPostProcessMaterial.uexp" 269
"../../../Engine/Content/EngineMaterials/DefaultLightFunctionMaterial.uasset" 270
"../../../Engine/Content/EngineMaterials/DefaultLightFunctionMaterial.uexp" 271
"../../../Engine/Content/EngineMaterials/DefaultDeferredDecalMaterial.uasset" 272
"../../../Engine/Content/EngineMaterials/DefaultDeferredDecalMaterial.uexp" 273
"../../../Engine/Content/EngineMaterials/DefaultBokeh.uasset" 274
"../../../Engine/Content/EngineMaterials/DefaultBokeh.uexp" 275
"../../../Engine/Content/EngineMaterials/DefaultBloomKernel.uasset" 276
"../../../Engine/Content/EngineMaterials/DefaultBloomKernel.uexp" 277
"../../../Engine/Content/Functions/Engine_MaterialFunctions02/Utility/CameraDirectionVector.uasset" 278
"../../../Engine/Content/Functions/Engine_MaterialFunctions02/Utility/CameraDirectionVector.uexp" 279
"../../../Engine/Content/EngineDebugMaterials/VolumeToRender.uasset" 280
"../../../Engine/Content/EngineDebugMaterials/VolumeToRender.uexp" 281
"../../../Engine/Content/EngineDebugMaterials/M_VolumeRenderSphereTracePP.uasset" 282
"../../../Engine/Content/EngineDebugMaterials/M_VolumeRenderSphereTracePP.uexp" 283
"../../../Engine/Content/EngineDebugMaterials/M_SimpleUnlitTranslucent.uasset" 284
"../../../Engine/Content/EngineDebugMaterials/M_SimpleUnlitTranslucent.uexp" 285
"../../../Engine/Content/EngineDebugMaterials/DebugMeshMaterial.uasset" 286
"../../../Engine/Content/EngineDebugMaterials/DebugMeshMaterial.uexp" 287
"../../../Engine/Content/EngineDebugMaterials/DebugEditorMaterial.uasset" 288
"../../../Engine/Content/EngineDebugMaterials/DebugEditorMaterial.uexp" 289
"../../../Engine/Content/EngineDamageTypes/DmgTypeBP_Environmental.uasset" 290
"../../../Engine/Content/EngineDamageTypes/DmgTypeBP_Environmental.uexp" 291
"../../../Engine/Plugins/VirtualProduction/CameraCalibrationCore/Content/Materials/M_DefaultOddSquare.uasset" 292
"../../../Engine/Plugins/VirtualProduction/CameraCalibrationCore/Content/Materials/M_DefaultOddSquare.uexp" 293
"../../../Engine/Plugins/VirtualProduction/CameraCalibrationCore/Content/Materials/M_DefaultEvenSquare.uasset" 294
"../../../Engine/Plugins/VirtualProduction/CameraCalibrationCore/Content/Materials/M_DefaultEvenSquare.uexp" 295
"../../../Engine/Plugins/Runtime/HairStrands/Content/Materials/HairMeshesDefaultMaterial.uasset" 296
"../../../Engine/Plugins/Runtime/HairStrands/Content/Materials/HairMeshesDefaultMaterial.uexp" 297
"../../../Engine/Plugins/Runtime/HairStrands/Content/Materials/HairDefaultMaterial.uasset" 298
"../../../Engine/Plugins/Runtime/HairStrands/Content/Materials/HairDefaultMaterial.uexp" 299
"../../../Engine/Content/Functions/Engine_MaterialFunctions02/Utility/MakeFloat2.uasset" 300
"../../../Engine/Content/Functions/Engine_MaterialFunctions02/Utility/MakeFloat2.uexp" 301
"../../../Engine/Content/Functions/Engine_MaterialFunctions02/Utility/MakeFloat3.uasset" 302
"../../../Engine/Content/Functions/Engine_MaterialFunctions02/Utility/MakeFloat3.uexp" 303
"../../../Engine/Content/EngineMaterials/HairDebugColor.uasset" 304
"../../../Engine/Content/EngineMaterials/HairDebugColor.uexp" 305
"../../../Engine/Content/EngineMaterials/HairColorMap.uasset" 306
"../../../Engine/Content/EngineMaterials/HairColorMap.uexp" 307
"../../../Engine/Plugins/Runtime/HairStrands/Content/Materials/HairGroupColors.uasset" 308
"../../../Engine/Plugins/Runtime/HairStrands/Content/Materials/HairGroupColors.uexp" 309
"../../../Engine/Plugins/Runtime/HairStrands/Content/Materials/HairDebugMaterial.uasset" 310
"../../../Engine/Plugins/Runtime/HairStrands/Content/Materials/HairDebugMaterial.uexp" 311
"../../../Engine/Plugins/Runtime/HairStrands/Content/Materials/HairCardsDefaultMaterial.uasset" 312
"../../../Engine/Plugins/Runtime/HairStrands/Content/Materials/HairCardsDefaultMaterial.uexp" 313
"../../../Engine/Plugins/Runtime/AudioWidgets/Content/Resources/ScrubHandleDown_Clamped.uasset" 314
"../../../Engine/Plugins/Runtime/AudioWidgets/Content/Resources/ScrubHandleDown_Clamped.uexp" 315
"../../../Engine/Plugins/Interchange/Assets/Content/Functions/MX_UsdPreviewSurface.uasset" 316
"../../../Engine/Plugins/Interchange/Assets/Content/Functions/MX_UsdPreviewSurface.uexp" 317
"../../../Engine/Plugins/Interchange/Assets/Content/Functions/MX_UniformEDF.uasset" 318
"../../../Engine/Plugins/Interchange/Assets/Content/Functions/MX_UniformEDF.uexp" 319
"../../../Engine/Plugins/Interchange/Assets/Content/Functions/MX_TranslucentBSDF.uasset" 320
"../../../Engine/Plugins/Interchange/Assets/Content/Functions/MX_TranslucentBSDF.uexp" 321
"../../../Engine/Plugins/Interchange/Assets/Content/Functions/MX_ThinFilmBSDF.uasset" 322
"../../../Engine/Plugins/Interchange/Assets/Content/Functions/MX_ThinFilmBSDF.uexp" 323
"../../../Engine/Plugins/Interchange/Assets/Content/Functions/MX_SurfaceUnlit.uasset" 324
"../../../Engine/Plugins/Interchange/Assets/Content/Functions/MX_SurfaceUnlit.uexp" 325
"../../../Engine/Plugins/Interchange/Assets/Content/Functions/MX_Surface.uasset" 326
"../../../Engine/Plugins/Interchange/Assets/Content/Functions/MX_Surface.uexp" 327
"../../../Engine/Plugins/Interchange/Assets/Content/Functions/MX_SubsurfaceBSDF.uasset" 328
"../../../Engine/Plugins/Interchange/Assets/Content/Functions/MX_SubsurfaceBSDF.uexp" 329
"../../../Engine/Plugins/Interchange/Assets/Content/Functions/MX_SheenBSDF.uasset" 330
"../../../Engine/Plugins/Interchange/Assets/Content/Functions/MX_SheenBSDF.uexp" 331
"../../../Engine/Plugins/Interchange/Assets/Content/Functions/MX_OrenNayarBSDF.uasset" 332
"../../../Engine/Plugins/Interchange/Assets/Content/Functions/MX_OrenNayarBSDF.uexp" 333
"../../../Engine/Plugins/Interchange/Assets/Content/Functions/MF_IridescenceNoLUT.uasset" 334
"../../../Engine/Plugins/Interchange/Assets/Content/Functions/MF_IridescenceNoLUT.uexp" 335
"../../../Engine/Plugins/Interchange/Assets/Content/Functions/MX_StandardSurface.uasset" 336
"../../../Engine/Plugins/Interchange/Assets/Content/Functions/MX_StandardSurface.uexp" 337
"../../../Engine/Plugins/Interchange/Assets/Content/Functions/MX_TransmissionSurface.uasset" 338
"../../../Engine/Plugins/Interchange/Assets/Content/Functions/MX_TransmissionSurface.uexp" 339
"../../../Engine/Plugins/Interchange/Assets/Content/Functions/MX_OpenPBR_Translucent.uasset" 340
"../../../Engine/Plugins/Interchange/Assets/Content/Functions/MX_OpenPBR_Translucent.uexp" 341
"../../../Engine/Plugins/Interchange/Assets/Content/Functions/MX_OpenPBR_Opaque.uasset" 342
"../../../Engine/Plugins/Interchange/Assets/Content/Functions/MX_OpenPBR_Opaque.uexp" 343
"../../../Engine/Plugins/Interchange/Assets/Content/Functions/MX_MeasuredEDF.uasset" 344
"../../../Engine/Plugins/Interchange/Assets/Content/Functions/MX_MeasuredEDF.uexp" 345
"../../../Engine/Plugins/Interchange/Assets/Content/Functions/MX_GeneralizedSchlickBSDF.uasset" 346
"../../../Engine/Plugins/Interchange/Assets/Content/Functions/MX_GeneralizedSchlickBSDF.uexp" 347
"../../../Engine/Content/Functions/Engine_MaterialFunctions02/Utility/BlendAngleCorrectedNormals.uasset" 348
"../../../Engine/Content/Functions/Engine_MaterialFunctions02/Utility/BlendAngleCorrectedNormals.uexp" 349
"../../../Engine/Plugins/Interchange/Assets/Content/Functions/MX_Displacement.uasset" 350
"../../../Engine/Plugins/Interchange/Assets/Content/Functions/MX_Displacement.uexp" 351
"../../../Engine/Plugins/Interchange/Assets/Content/Functions/MX_DielectricBSDF.uasset" 352
"../../../Engine/Plugins/Interchange/Assets/Content/Functions/MX_DielectricBSDF.uexp" 353
"../../../Engine/Plugins/Interchange/Assets/Content/Functions/MX_ConicalEDF.uasset" 354
"../../../Engine/Plugins/Interchange/Assets/Content/Functions/MX_ConicalEDF.uexp" 355
"../../../Engine/Plugins/Interchange/Assets/Content/Functions/MX_ConductorBSDF.uasset" 356
"../../../Engine/Plugins/Interchange/Assets/Content/Functions/MX_ConductorBSDF.uexp" 357
"../../../Engine/Plugins/Interchange/Assets/Content/Functions/MX_BurleyDiffuseBSDF.uasset" 358
"../../../Engine/Plugins/Interchange/Assets/Content/Functions/MX_BurleyDiffuseBSDF.uexp" 359
"../../../Engine/Plugins/Interchange/Assets/Content/Functions/MX_AnisotropicVDF.uasset" 360
"../../../Engine/Plugins/Interchange/Assets/Content/Functions/MX_AnisotropicVDF.uexp" 361
"../../../Engine/Plugins/Interchange/Assets/Content/Functions/MX_AbsorptionVDF.uasset" 362
"../../../Engine/Plugins/Interchange/Assets/Content/Functions/MX_AbsorptionVDF.uexp" 363
"../../../Engine/Content/EditorMaterials/ParticleSystems/PSysThumbnail_OOD.ubulk" 364
"../../../Engine/Content/EditorMaterials/ParticleSystems/PSysThumbnail_OOD.uasset" 365
"../../../Engine/Content/EditorMaterials/ParticleSystems/PSysThumbnail_OOD.uexp" 366
"../../../Engine/Content/EditorMaterials/ParticleSystems/PSysThumbnail_NoImage.ubulk" 367
"../../../Engine/Content/EditorMaterials/ParticleSystems/PSysThumbnail_NoImage.uasset" 368
"../../../Engine/Content/EditorMaterials/ParticleSystems/PSysThumbnail_NoImage.uexp" 369
"../../../Engine/Content/EditorMaterials/Dataflow/DataflowVertexMaterial.uasset" 370
"../../../Engine/Content/EditorMaterials/Dataflow/DataflowVertexMaterial.uexp" 371
"../../../Engine/Content/EditorMaterials/Dataflow/DataflowTwoSidedVertexMaterial.uasset" 372
"../../../Engine/Content/EditorMaterials/Dataflow/DataflowTwoSidedVertexMaterial.uexp" 373
"../../../Engine/Content/EngineResources/FilmGrains/Marcie_Grain_v3_128_M2_000.uasset" 374
"../../../Engine/Content/EngineResources/FilmGrains/Marcie_Grain_v3_128_M2_000.uexp" 375
"../../../Engine/Content/EngineResources/Development/ZenLogo_64.uasset" 376
"../../../Engine/Content/EngineResources/Development/ZenLogo_64.uexp" 377
"../../../Engine/Content/EngineMaterials/LTC/Sheen_LTC.uasset" 378
"../../../Engine/Content/EngineMaterials/LTC/Sheen_LTC.uexp" 379
"../../../Engine/Content/EngineMaterials/LTC/GGX_LTCMat.uasset" 380
"../../../Engine/Content/EngineMaterials/LTC/GGX_LTCMat.uexp" 381
"../../../Engine/Content/EngineMaterials/LTC/GGX_LTCAmp.uasset" 382
"../../../Engine/Content/EngineMaterials/LTC/GGX_LTCAmp.uexp" 383
"../../../Engine/Content/EngineMaterials/EnergyConservation/Sheen_Energy.uasset" 384
"../../../Engine/Content/EngineMaterials/EnergyConservation/Sheen_Energy.uexp" 385
"../../../Engine/Content/EngineMaterials/EnergyConservation/SheenLegacy_Energy.uasset" 386
"../../../Engine/Content/EngineMaterials/EnergyConservation/SheenLegacy_Energy.uexp" 387
"../../../Engine/Content/EngineMaterials/EnergyConservation/GGX_TransmissionEnergyArray.uasset" 388
"../../../Engine/Content/EngineMaterials/EnergyConservation/GGX_TransmissionEnergyArray.uexp" 389
"../../../Engine/Content/EngineMaterials/EnergyConservation/GGX_ReflectionEnergy.uasset" 390
"../../../Engine/Content/EngineMaterials/EnergyConservation/GGX_ReflectionEnergy.uexp" 391
"../../../Engine/Content/EngineMaterials/EnergyConservation/Diffuse_Energy.uasset" 392
"../../../Engine/Content/EngineMaterials/EnergyConservation/Diffuse_Energy.uexp" 393
"../../../Engine/Content/EditorResources/SequenceRecorder/RecordingIndicator.uasset" 394
"../../../Engine/Content/EditorResources/SequenceRecorder/RecordingIndicator.uexp" 395
"../../../Engine/Content/EditorResources/SequenceRecorder/Countdown.uasset" 396
"../../../Engine/Content/EditorResources/SequenceRecorder/Countdown.uexp" 397
"../../../Engine/Content/Functions/Engine_MaterialFunctions01/Shading/PowerToRoughness.uasset" 398
"../../../Engine/Content/Functions/Engine_MaterialFunctions01/Shading/PowerToRoughness.uexp" 399
"../../../Engine/Content/EngineMaterials/T_Default_Material_Grid_M.ubulk" 400
"../../../Engine/Content/EngineMaterials/T_Default_Material_Grid_M.uasset" 401
"../../../Engine/Content/EngineMaterials/T_Default_Material_Grid_M.uexp" 402
"../../../Engine/Content/Functions/Engine_MaterialFunctions01/Opacity/CameraDepthFade.uasset" 403
"../../../Engine/Content/Functions/Engine_MaterialFunctions01/Opacity/CameraDepthFade.uexp" 404
"../../../Engine/Content/EngineMaterials/T_Default_Material_Grid_N.ubulk" 405
"../../../Engine/Content/EngineMaterials/T_Default_Material_Grid_N.uasset" 406
"../../../Engine/Content/EngineMaterials/T_Default_Material_Grid_N.uexp" 407
"../../../Engine/Content/EngineMaterials/WorldGridMaterial.uasset" 408
"../../../Engine/Content/EngineMaterials/WorldGridMaterial.uexp" 409
"../../../Engine/Content/ArtTools/RenderToTexture/Meshes/S_1_Unit_Plane.ubulk" 410
"../../../Engine/Content/ArtTools/RenderToTexture/Meshes/S_1_Unit_Plane.uasset" 411
"../../../Engine/Content/ArtTools/RenderToTexture/Meshes/S_1_Unit_Plane.uexp" 412
"../../../Engine/Content/EngineMeshes/Sphere.ubulk" 413
"../../../Engine/Content/EngineMeshes/Sphere.uasset" 414
"../../../Engine/Content/EngineMeshes/Sphere.uexp" 415
"../../../Engine/Content/EngineMaterials/Substrate/GLints/AGlintTex2dArray.uasset" 416
"../../../Engine/Content/EngineMaterials/Substrate/GLints/AGlintTex2dArray.uexp" 417
"../../../Engine/Content/EngineMaterials/Substrate/Glints2/AGlintTex2dArray2.uasset" 418
"../../../Engine/Content/EngineMaterials/Substrate/Glints2/AGlintTex2dArray2.uexp" 419
"../../../Engine/Content/VREditor/TransformGizmo/TranslucentTransformGizmoMaterial.uasset" 420
"../../../Engine/Content/VREditor/TransformGizmo/TranslucentTransformGizmoMaterial.uexp" 421
"../../../Engine/Content/VREditor/LaserPointer/VR_LaserPower_01.ubulk" 422
"../../../Engine/Content/VREditor/LaserPointer/VR_LaserPower_01.uasset" 423
"../../../Engine/Content/VREditor/LaserPointer/VR_LaserPower_01.uexp" 424
"../../../Engine/Content/VREditor/TransformGizmo/TransformGizmoMaterial.uasset" 425
"../../../Engine/Content/VREditor/TransformGizmo/TransformGizmoMaterial.uexp" 426
"../../../Engine/Content/VREditor/TransformGizmo/BoundingBoxCorner.ubulk" 427
"../../../Engine/Content/VREditor/TransformGizmo/BoundingBoxCorner.uasset" 428
"../../../Engine/Content/VREditor/TransformGizmo/BoundingBoxCorner.uexp" 429
"../../../Engine/Content/VREditor/TransformGizmo/BoundingBoxEdge.ubulk" 430
"../../../Engine/Content/VREditor/TransformGizmo/BoundingBoxEdge.uasset" 431
"../../../Engine/Content/VREditor/TransformGizmo/BoundingBoxEdge.uexp" 432
"../../../Engine/Content/VREditor/TransformGizmo/Xray.uasset" 433
"../../../Engine/Content/VREditor/TransformGizmo/Xray.uexp" 434
"../../../Engine/Content/VREditor/TransformGizmo/Main.uasset" 435
"../../../Engine/Content/VREditor/TransformGizmo/Main.uexp" 436
"../../../Engine/Content/VREditor/TransformGizmo/SM_Sequencer_Node.ubulk" 437
"../../../Engine/Content/VREditor/TransformGizmo/SM_Sequencer_Node.uasset" 438
"../../../Engine/Content/VREditor/TransformGizmo/SM_Sequencer_Node.uexp" 439
"../../../Engine/Content/EditorMaterials/Camera/CineMat.uasset" 440
"../../../Engine/Content/EditorMaterials/Camera/CineMat.uexp" 441
"../../../Engine/Content/EditorMaterials/Camera/MI_CineMat_Rig.uasset" 442
"../../../Engine/Content/EditorMaterials/Camera/MI_CineMat_Rig.uexp" 443
"../../../Engine/Content/EditorMeshes/Camera/SM_CraneRig_Arm.ubulk" 444
"../../../Engine/Content/EditorMeshes/Camera/SM_CraneRig_Arm.uasset" 445
"../../../Engine/Content/EditorMeshes/Camera/SM_CraneRig_Arm.uexp" 446
"../../../Engine/Content/EditorMeshes/Camera/SM_CraneRig_Base.ubulk" 447
"../../../Engine/Content/EditorMeshes/Camera/SM_CraneRig_Base.uasset" 448
"../../../Engine/Content/EditorMeshes/Camera/SM_CraneRig_Base.uexp" 449
"../../../Engine/Content/EditorMeshes/Camera/SM_CraneRig_Body.ubulk" 450
"../../../Engine/Content/EditorMeshes/Camera/SM_CraneRig_Body.uasset" 451
"../../../Engine/Content/EditorMeshes/Camera/SM_CraneRig_Body.uexp" 452
"../../../Engine/Content/EditorMeshes/Camera/SM_CraneRig_Mount.ubulk" 453
"../../../Engine/Content/EditorMeshes/Camera/SM_CraneRig_Mount.uasset" 454
"../../../Engine/Content/EditorMeshes/Camera/SM_CraneRig_Mount.uexp" 455
"../../../Engine/Content/EditorMeshes/Camera/SM_RailRig_Mount.ubulk" 456
"../../../Engine/Content/EditorMeshes/Camera/SM_RailRig_Mount.uasset" 457
"../../../Engine/Content/EditorMeshes/Camera/SM_RailRig_Mount.uexp" 458
"../../../Engine/Content/EditorMeshes/Camera/SM_RailRig_Track.ubulk" 459
"../../../Engine/Content/EditorMeshes/Camera/SM_RailRig_Track.uasset" 460
"../../../Engine/Content/EditorMeshes/Camera/SM_RailRig_Track.uexp" 461
"../../../Engine/Content/EngineMaterials/WeightMapPlaceholderTexture.uasset" 462
"../../../Engine/Content/EngineMaterials/WeightMapPlaceholderTexture.uexp" 463
"../../../Engine/Content/EngineMaterials/WeightMapArrayPlaceholderTexture.uasset" 464
"../../../Engine/Content/EngineMaterials/WeightMapArrayPlaceholderTexture.uexp" 465
"../../../Engine/Plugins/Animation/ControlRig/Content/Controls/ControlRig_Arrow2_1mm.ubulk" 466
"../../../Engine/Plugins/Animation/ControlRig/Content/Controls/ControlRig_Arrow2_1mm.uasset" 467
"../../../Engine/Plugins/Animation/ControlRig/Content/Controls/ControlRig_Arrow2_1mm.uexp" 468
"../../../Engine/Plugins/Animation/ControlRig/Content/Controls/ControlRig_Arrow2_3mm.ubulk" 469
"../../../Engine/Plugins/Animation/ControlRig/Content/Controls/ControlRig_Arrow2_3mm.uasset" 470
"../../../Engine/Plugins/Animation/ControlRig/Content/Controls/ControlRig_Arrow2_3mm.uexp" 471
"../../../Engine/Plugins/Animation/ControlRig/Content/Controls/ControlRig_Arrow2_solid.ubulk" 472
"../../../Engine/Plugins/Animation/ControlRig/Content/Controls/ControlRig_Arrow2_solid.uasset" 473
"../../../Engine/Plugins/Animation/ControlRig/Content/Controls/ControlRig_Arrow2_solid.uexp" 474
"../../../Engine/Plugins/Animation/ControlRig/Content/Controls/ControlRig_Arrow4_1mm.ubulk" 475
"../../../Engine/Plugins/Animation/ControlRig/Content/Controls/ControlRig_Arrow4_1mm.uasset" 476
"../../../Engine/Plugins/Animation/ControlRig/Content/Controls/ControlRig_Arrow4_1mm.uexp" 477
"../../../Engine/Plugins/Animation/ControlRig/Content/Controls/ControlRig_Arrow4_3mm.ubulk" 478
"../../../Engine/Plugins/Animation/ControlRig/Content/Controls/ControlRig_Arrow4_3mm.uasset" 479
"../../../Engine/Plugins/Animation/ControlRig/Content/Controls/ControlRig_Arrow4_3mm.uexp" 480
"../../../Engine/Plugins/Animation/ControlRig/Content/Controls/ControlRig_Arrow4_solid.ubulk" 481
"../../../Engine/Plugins/Animation/ControlRig/Content/Controls/ControlRig_Arrow4_solid.uasset" 482
"../../../Engine/Plugins/Animation/ControlRig/Content/Controls/ControlRig_Arrow4_solid.uexp" 483
"../../../Engine/Plugins/Animation/ControlRig/Content/Controls/ControlRig_Arrow_1mm.ubulk" 484
"../../../Engine/Plugins/Animation/ControlRig/Content/Controls/ControlRig_Arrow_1mm.uasset" 485
"../../../Engine/Plugins/Animation/ControlRig/Content/Controls/ControlRig_Arrow_1mm.uexp" 486
"../../../Engine/Plugins/Animation/ControlRig/Content/Controls/ControlRig_Arrow_3mm.ubulk" 487
"../../../Engine/Plugins/Animation/ControlRig/Content/Controls/ControlRig_Arrow_3mm.uasset" 488
"../../../Engine/Plugins/Animation/ControlRig/Content/Controls/ControlRig_Arrow_3mm.uexp" 489
"../../../Engine/Plugins/Animation/ControlRig/Content/Controls/ControlRig_Arrow_solid.ubulk" 490
"../../../Engine/Plugins/Animation/ControlRig/Content/Controls/ControlRig_Arrow_solid.uasset" 491
"../../../Engine/Plugins/Animation/ControlRig/Content/Controls/ControlRig_Arrow_solid.uexp" 492
"../../../Engine/Plugins/Animation/ControlRig/Content/Controls/ControlRig_Box_1mm.ubulk" 493
"../../../Engine/Plugins/Animation/ControlRig/Content/Controls/ControlRig_Box_1mm.uasset" 494
"../../../Engine/Plugins/Animation/ControlRig/Content/Controls/ControlRig_Box_1mm.uexp" 495
"../../../Engine/Plugins/Animation/ControlRig/Content/Controls/ControlRig_Box_3mm.ubulk" 496
"../../../Engine/Plugins/Animation/ControlRig/Content/Controls/ControlRig_Box_3mm.uasset" 497
"../../../Engine/Plugins/Animation/ControlRig/Content/Controls/ControlRig_Box_3mm.uexp" 498
"../../../Engine/Plugins/Animation/ControlRig/Content/Controls/ControlRig_Box_solid.ubulk" 499
"../../../Engine/Plugins/Animation/ControlRig/Content/Controls/ControlRig_Box_solid.uasset" 500
"../../../Engine/Plugins/Animation/ControlRig/Content/Controls/ControlRig_Box_solid.uexp" 501
"../../../Engine/Plugins/Animation/ControlRig/Content/Controls/ControlRig_Circle_1mm.ubulk" 502
"../../../Engine/Plugins/Animation/ControlRig/Content/Controls/ControlRig_Circle_1mm.uasset" 503
"../../../Engine/Plugins/Animation/ControlRig/Content/Controls/ControlRig_Circle_1mm.uexp" 504
"../../../Engine/Plugins/Animation/ControlRig/Content/Controls/ControlRig_Circle_3mm.ubulk" 505
"../../../Engine/Plugins/Animation/ControlRig/Content/Controls/ControlRig_Circle_3mm.uasset" 506
"../../../Engine/Plugins/Animation/ControlRig/Content/Controls/ControlRig_Circle_3mm.uexp" 507
"../../../Engine/Plugins/Animation/ControlRig/Content/Controls/ControlRig_Circle_solid.ubulk" 508
"../../../Engine/Plugins/Animation/ControlRig/Content/Controls/ControlRig_Circle_solid.uasset" 509
"../../../Engine/Plugins/Animation/ControlRig/Content/Controls/ControlRig_Circle_solid.uexp" 510
"../../../Engine/Plugins/Animation/ControlRig/Content/Controls/ControlRig_Diamond_1mm.ubulk" 511
"../../../Engine/Plugins/Animation/ControlRig/Content/Controls/ControlRig_Diamond_1mm.uasset" 512
"../../../Engine/Plugins/Animation/ControlRig/Content/Controls/ControlRig_Diamond_1mm.uexp" 513
"../../../Engine/Plugins/Animation/ControlRig/Content/Controls/ControlRig_Diamond_3mm.ubulk" 514
"../../../Engine/Plugins/Animation/ControlRig/Content/Controls/ControlRig_Diamond_3mm.uasset" 515
"../../../Engine/Plugins/Animation/ControlRig/Content/Controls/ControlRig_Diamond_3mm.uexp" 516
"../../../Engine/Plugins/Animation/ControlRig/Content/Controls/ControlRig_Diamond_solid.ubulk" 517
"../../../Engine/Plugins/Animation/ControlRig/Content/Controls/ControlRig_Diamond_solid.uasset" 518
"../../../Engine/Plugins/Animation/ControlRig/Content/Controls/ControlRig_Diamond_solid.uexp" 519
"../../../Engine/Plugins/Animation/ControlRig/Content/Controls/ControlRig_HalfCircle_1mm.ubulk" 520
"../../../Engine/Plugins/Animation/ControlRig/Content/Controls/ControlRig_HalfCircle_1mm.uasset" 521
"../../../Engine/Plugins/Animation/ControlRig/Content/Controls/ControlRig_HalfCircle_1mm.uexp" 522
"../../../Engine/Plugins/Animation/ControlRig/Content/Controls/ControlRig_HalfCircle_3mm.ubulk" 523
"../../../Engine/Plugins/Animation/ControlRig/Content/Controls/ControlRig_HalfCircle_3mm.uasset" 524
"../../../Engine/Plugins/Animation/ControlRig/Content/Controls/ControlRig_HalfCircle_3mm.uexp" 525
"../../../Engine/Plugins/Animation/ControlRig/Content/Controls/ControlRig_HalfCircle_solid.ubulk" 526
"../../../Engine/Plugins/Animation/ControlRig/Content/Controls/ControlRig_HalfCircle_solid.uasset" 527
"../../../Engine/Plugins/Animation/ControlRig/Content/Controls/ControlRig_HalfCircle_solid.uexp" 528
"../../../Engine/Plugins/Animation/ControlRig/Content/Controls/ControlRig_Hexagon_1mm.ubulk" 529
"../../../Engine/Plugins/Animation/ControlRig/Content/Controls/ControlRig_Hexagon_1mm.uasset" 530
"../../../Engine/Plugins/Animation/ControlRig/Content/Controls/ControlRig_Hexagon_1mm.uexp" 531
"../../../Engine/Plugins/Animation/ControlRig/Content/Controls/ControlRig_Hexagon_3mm.ubulk" 532
"../../../Engine/Plugins/Animation/ControlRig/Content/Controls/ControlRig_Hexagon_3mm.uasset" 533
"../../../Engine/Plugins/Animation/ControlRig/Content/Controls/ControlRig_Hexagon_3mm.uexp" 534
"../../../Engine/Plugins/Animation/ControlRig/Content/Controls/ControlRig_Hexagon_solid.ubulk" 535
"../../../Engine/Plugins/Animation/ControlRig/Content/Controls/ControlRig_Hexagon_solid.uasset" 536
"../../../Engine/Plugins/Animation/ControlRig/Content/Controls/ControlRig_Hexagon_solid.uexp" 537
"../../../Engine/Plugins/Animation/ControlRig/Content/Controls/ControlRig_Octagon_1mm.ubulk" 538
"../../../Engine/Plugins/Animation/ControlRig/Content/Controls/ControlRig_Octagon_1mm.uasset" 539
"../../../Engine/Plugins/Animation/ControlRig/Content/Controls/ControlRig_Octagon_1mm.uexp" 540
"../../../Engine/Plugins/Animation/ControlRig/Content/Controls/ControlRig_Octagon_3mm.ubulk" 541
"../../../Engine/Plugins/Animation/ControlRig/Content/Controls/ControlRig_Octagon_3mm.uasset" 542
"../../../Engine/Plugins/Animation/ControlRig/Content/Controls/ControlRig_Octagon_3mm.uexp" 543
"../../../Engine/Plugins/Animation/ControlRig/Content/Controls/ControlRig_Octagon_solid.ubulk" 544
"../../../Engine/Plugins/Animation/ControlRig/Content/Controls/ControlRig_Octagon_solid.uasset" 545
"../../../Engine/Plugins/Animation/ControlRig/Content/Controls/ControlRig_Octagon_solid.uexp" 546
"../../../Engine/Plugins/Animation/ControlRig/Content/Controls/ControlRig_Pyramid_1mm.ubulk" 547
"../../../Engine/Plugins/Animation/ControlRig/Content/Controls/ControlRig_Pyramid_1mm.uasset" 548
"../../../Engine/Plugins/Animation/ControlRig/Content/Controls/ControlRig_Pyramid_1mm.uexp" 549
"../../../Engine/Plugins/Animation/ControlRig/Content/Controls/ControlRig_Pyramid_3mm.ubulk" 550
"../../../Engine/Plugins/Animation/ControlRig/Content/Controls/ControlRig_Pyramid_3mm.uasset" 551
"../../../Engine/Plugins/Animation/ControlRig/Content/Controls/ControlRig_Pyramid_3mm.uexp" 552
"../../../Engine/Plugins/Animation/ControlRig/Content/Controls/ControlRig_Pyramid_solid.ubulk" 553
"../../../Engine/Plugins/Animation/ControlRig/Content/Controls/ControlRig_Pyramid_solid.uasset" 554
"../../../Engine/Plugins/Animation/ControlRig/Content/Controls/ControlRig_Pyramid_solid.uexp" 555
"../../../Engine/Plugins/Animation/ControlRig/Content/Controls/ControlRig_QuarterCircle_1mm.ubulk" 556
"../../../Engine/Plugins/Animation/ControlRig/Content/Controls/ControlRig_QuarterCircle_1mm.uasset" 557
"../../../Engine/Plugins/Animation/ControlRig/Content/Controls/ControlRig_QuarterCircle_1mm.uexp" 558
"../../../Engine/Plugins/Animation/ControlRig/Content/Controls/ControlRig_QuarterCircle_3mm.ubulk" 559
"../../../Engine/Plugins/Animation/ControlRig/Content/Controls/ControlRig_QuarterCircle_3mm.uasset" 560
"../../../Engine/Plugins/Animation/ControlRig/Content/Controls/ControlRig_QuarterCircle_3mm.uexp" 561
"../../../Engine/Plugins/Animation/ControlRig/Content/Controls/ControlRig_QuarterCircle_solid.ubulk" 562
"../../../Engine/Plugins/Animation/ControlRig/Content/Controls/ControlRig_QuarterCircle_solid.uasset" 563
"../../../Engine/Plugins/Animation/ControlRig/Content/Controls/ControlRig_QuarterCircle_solid.uexp" 564
"../../../Engine/Plugins/Animation/ControlRig/Content/Controls/ControlRig_RoundedSquare_1mm.ubulk" 565
"../../../Engine/Plugins/Animation/ControlRig/Content/Controls/ControlRig_RoundedSquare_1mm.uasset" 566
"../../../Engine/Plugins/Animation/ControlRig/Content/Controls/ControlRig_RoundedSquare_1mm.uexp" 567
"../../../Engine/Plugins/Animation/ControlRig/Content/Controls/ControlRig_RoundedSquare_3mm.ubulk" 568
"../../../Engine/Plugins/Animation/ControlRig/Content/Controls/ControlRig_RoundedSquare_3mm.uasset" 569
"../../../Engine/Plugins/Animation/ControlRig/Content/Controls/ControlRig_RoundedSquare_3mm.uexp" 570
"../../../Engine/Plugins/Animation/ControlRig/Content/Controls/ControlRig_RoundedSquare_solid.ubulk" 571
"../../../Engine/Plugins/Animation/ControlRig/Content/Controls/ControlRig_RoundedSquare_solid.uasset" 572
"../../../Engine/Plugins/Animation/ControlRig/Content/Controls/ControlRig_RoundedSquare_solid.uexp" 573
"../../../Engine/Plugins/Animation/ControlRig/Content/Controls/ControlRig_RoundedTriangle_1mm.ubulk" 574
"../../../Engine/Plugins/Animation/ControlRig/Content/Controls/ControlRig_RoundedTriangle_1mm.uasset" 575
"../../../Engine/Plugins/Animation/ControlRig/Content/Controls/ControlRig_RoundedTriangle_1mm.uexp" 576
"../../../Engine/Plugins/Animation/ControlRig/Content/Controls/ControlRig_RoundedTriangle_3mm.ubulk" 577
"../../../Engine/Plugins/Animation/ControlRig/Content/Controls/ControlRig_RoundedTriangle_3mm.uasset" 578
"../../../Engine/Plugins/Animation/ControlRig/Content/Controls/ControlRig_RoundedTriangle_3mm.uexp" 579
"../../../Engine/Plugins/Animation/ControlRig/Content/Controls/ControlRig_RoundedTriangle_solid.ubulk" 580
"../../../Engine/Plugins/Animation/ControlRig/Content/Controls/ControlRig_RoundedTriangle_solid.uasset" 581
"../../../Engine/Plugins/Animation/ControlRig/Content/Controls/ControlRig_RoundedTriangle_solid.uexp" 582
"../../../Engine/Plugins/Animation/ControlRig/Content/Controls/ControlRig_Sphere_1mm.ubulk" 583
"../../../Engine/Plugins/Animation/ControlRig/Content/Controls/ControlRig_Sphere_1mm.uasset" 584
"../../../Engine/Plugins/Animation/ControlRig/Content/Controls/ControlRig_Sphere_1mm.uexp" 585
"../../../Engine/Plugins/Animation/ControlRig/Content/Controls/ControlRig_Sphere_3mm.ubulk" 586
"../../../Engine/Plugins/Animation/ControlRig/Content/Controls/ControlRig_Sphere_3mm.uasset" 587
"../../../Engine/Plugins/Animation/ControlRig/Content/Controls/ControlRig_Sphere_3mm.uexp" 588
"../../../Engine/Plugins/Animation/ControlRig/Content/Controls/ControlRig_Sphere_solid.ubulk" 589
"../../../Engine/Plugins/Animation/ControlRig/Content/Controls/ControlRig_Sphere_solid.uasset" 590
"../../../Engine/Plugins/Animation/ControlRig/Content/Controls/ControlRig_Sphere_solid.uexp" 591
"../../../Engine/Plugins/Animation/ControlRig/Content/Controls/ControlRig_Square_1mm.ubulk" 592
"../../../Engine/Plugins/Animation/ControlRig/Content/Controls/ControlRig_Square_1mm.uasset" 593
"../../../Engine/Plugins/Animation/ControlRig/Content/Controls/ControlRig_Square_1mm.uexp" 594
"../../../Engine/Plugins/Animation/ControlRig/Content/Controls/ControlRig_Square_3mm.ubulk" 595
"../../../Engine/Plugins/Animation/ControlRig/Content/Controls/ControlRig_Square_3mm.uasset" 596
"../../../Engine/Plugins/Animation/ControlRig/Content/Controls/ControlRig_Square_3mm.uexp" 597
"../../../Engine/Plugins/Animation/ControlRig/Content/Controls/ControlRig_Square_solid.ubulk" 598
"../../../Engine/Plugins/Animation/ControlRig/Content/Controls/ControlRig_Square_solid.uasset" 599
"../../../Engine/Plugins/Animation/ControlRig/Content/Controls/ControlRig_Square_solid.uexp" 600
"../../../Engine/Plugins/Animation/ControlRig/Content/Controls/ControlRig_Star4_1mm.ubulk" 601
"../../../Engine/Plugins/Animation/ControlRig/Content/Controls/ControlRig_Star4_1mm.uasset" 602
"../../../Engine/Plugins/Animation/ControlRig/Content/Controls/ControlRig_Star4_1mm.uexp" 603
"../../../Engine/Plugins/Animation/ControlRig/Content/Controls/ControlRig_Star4_3mm.ubulk" 604
"../../../Engine/Plugins/Animation/ControlRig/Content/Controls/ControlRig_Star4_3mm.uasset" 605
"../../../Engine/Plugins/Animation/ControlRig/Content/Controls/ControlRig_Star4_3mm.uexp" 606
"../../../Engine/Plugins/Animation/ControlRig/Content/Controls/ControlRig_Star4_solid.ubulk" 607
"../../../Engine/Plugins/Animation/ControlRig/Content/Controls/ControlRig_Star4_solid.uasset" 608
"../../../Engine/Plugins/Animation/ControlRig/Content/Controls/ControlRig_Star4_solid.uexp" 609
"../../../Engine/Plugins/Animation/ControlRig/Content/Controls/ControlRig_Triangle_1mm.ubulk" 610
"../../../Engine/Plugins/Animation/ControlRig/Content/Controls/ControlRig_Triangle_1mm.uasset" 611
"../../../Engine/Plugins/Animation/ControlRig/Content/Controls/ControlRig_Triangle_1mm.uexp" 612
"../../../Engine/Plugins/Animation/ControlRig/Content/Controls/ControlRig_Triangle_3mm.ubulk" 613
"../../../Engine/Plugins/Animation/ControlRig/Content/Controls/ControlRig_Triangle_3mm.uasset" 614
"../../../Engine/Plugins/Animation/ControlRig/Content/Controls/ControlRig_Triangle_3mm.uexp" 615
"../../../Engine/Plugins/Animation/ControlRig/Content/Controls/ControlRig_Triangle_solid.ubulk" 616
"../../../Engine/Plugins/Animation/ControlRig/Content/Controls/ControlRig_Triangle_solid.uasset" 617
"../../../Engine/Plugins/Animation/ControlRig/Content/Controls/ControlRig_Triangle_solid.uexp" 618
"../../../Engine/Plugins/Animation/ControlRig/Content/Controls/ControlRig_Wedge_1mm.ubulk" 619
"../../../Engine/Plugins/Animation/ControlRig/Content/Controls/ControlRig_Wedge_1mm.uasset" 620
"../../../Engine/Plugins/Animation/ControlRig/Content/Controls/ControlRig_Wedge_1mm.uexp" 621
"../../../Engine/Plugins/Animation/ControlRig/Content/Controls/ControlRig_Wedge_3mm.ubulk" 622
"../../../Engine/Plugins/Animation/ControlRig/Content/Controls/ControlRig_Wedge_3mm.uasset" 623
"../../../Engine/Plugins/Animation/ControlRig/Content/Controls/ControlRig_Wedge_3mm.uexp" 624
"../../../Engine/Plugins/Animation/ControlRig/Content/Controls/ControlRig_Wedge_solid.ubulk" 625
"../../../Engine/Plugins/Animation/ControlRig/Content/Controls/ControlRig_Wedge_solid.uasset" 626
"../../../Engine/Plugins/Animation/ControlRig/Content/Controls/ControlRig_Wedge_solid.uexp" 627
"../../../Engine/Content/EditorLandscapeResources/SplineEditorMeshMat.uasset" 628
"../../../Engine/Content/EditorLandscapeResources/SplineEditorMeshMat.uexp" 629
"../../../Engine/Content/EditorLandscapeResources/SplineEditorMesh.ubulk" 630
"../../../Engine/Content/EditorLandscapeResources/SplineEditorMesh.uasset" 631
"../../../Engine/Content/EditorLandscapeResources/SplineEditorMesh.uexp" 632
"../../../Engine/Content/EngineMaterials/DefaultMaterial.uasset" 633
"../../../Engine/Content/EngineMaterials/DefaultMaterial.uexp" 634
"../../../Engine/Content/BasicShapes/Cone.ubulk" 635
"../../../Engine/Content/BasicShapes/Cone.uasset" 636
"../../../Engine/Content/BasicShapes/Cone.uexp" 637
"../../../Engine/Content/BasicShapes/Cube.ubulk" 638
"../../../Engine/Content/BasicShapes/Cube.uasset" 639
"../../../Engine/Content/BasicShapes/Cube.uexp" 640
"../../../Engine/Content/BasicShapes/Cylinder.ubulk" 641
"../../../Engine/Content/BasicShapes/Cylinder.uasset" 642
"../../../Engine/Content/BasicShapes/Cylinder.uexp" 643
"../../../Engine/Content/BasicShapes/Sphere.ubulk" 644
"../../../Engine/Content/BasicShapes/Sphere.uasset" 645
"../../../Engine/Content/BasicShapes/Sphere.uexp" 646
"../../../Engine/Plugins/Media/MediaPlate/Content/SM_MediaPlateScreen.ubulk" 647
"../../../Engine/Plugins/Media/MediaPlate/Content/SM_MediaPlateScreen.uasset" 648
"../../../Engine/Plugins/Media/MediaPlate/Content/SM_MediaPlateScreen.uexp" 649
"../../../Engine/Plugins/2D/Paper2D/Content/DefaultSpriteMaterial.uasset" 650
"../../../Engine/Plugins/2D/Paper2D/Content/DefaultSpriteMaterial.uexp" 651
"../../../Engine/Plugins/2D/Paper2D/Content/OpaqueUnlitSpriteMaterial.uasset" 652
"../../../Engine/Plugins/2D/Paper2D/Content/OpaqueUnlitSpriteMaterial.uexp" 653
"../../../Engine/Plugins/2D/Paper2D/Content/MaskedUnlitSpriteMaterial.uasset" 654
"../../../Engine/Plugins/2D/Paper2D/Content/MaskedUnlitSpriteMaterial.uexp" 655
"../../../Engine/Content/Functions/Engine_MaterialFunctions03/Math/WithinRangeFloat2.uasset" 656
"../../../Engine/Content/Functions/Engine_MaterialFunctions03/Math/WithinRangeFloat2.uexp" 657
"../../../Engine/Content/EditorLandscapeResources/SelectBrushMaterial.uasset" 658
"../../../Engine/Content/EditorLandscapeResources/SelectBrushMaterial.uexp" 659
"../../../Engine/Content/EditorLandscapeResources/SelectBrushMaterial_SelectedRegion.uasset" 660
"../../../Engine/Content/EditorLandscapeResources/SelectBrushMaterial_SelectedRegion.uexp" 661
"../../../Engine/Content/EditorLandscapeResources/SelectBrushMaterial_Selected.uasset" 662
"../../../Engine/Content/EditorLandscapeResources/SelectBrushMaterial_Selected.uexp" 663
"../../../Engine/Content/EditorLandscapeResources/MaskBrushMaterial.uasset" 664
"../../../Engine/Content/EditorLandscapeResources/MaskBrushMaterial.uexp" 665
"../../../Engine/Content/EditorLandscapeResources/MaskBrushMaterial_MaskedRegion.uasset" 666
"../../../Engine/Content/EditorLandscapeResources/MaskBrushMaterial_MaskedRegion.uexp" 667
"../../../Engine/Content/EditorLandscapeResources/ColorMaskBrushMaterial.uasset" 668
"../../../Engine/Content/EditorLandscapeResources/ColorMaskBrushMaterial.uexp" 669
"../../../Engine/Content/EditorLandscapeResources/ColorMaskBrushMaterial_MaskedRegion.uasset" 670
"../../../Engine/Content/EditorLandscapeResources/ColorMaskBrushMaterial_MaskedRegion.uexp" 671
"../../../Engine/Content/EngineResources/DefaultTextureCube.uasset" 672
"../../../Engine/Content/EngineResources/DefaultTextureCube.uexp" 673
"../../../Engine/Content/EngineResources/WhiteSquareTexture.uasset" 674
"../../../Engine/Content/EngineResources/WhiteSquareTexture.uexp" 675
"../../../Engine/Content/EngineMaterials/Widget3DPassThrough.uasset" 676
"../../../Engine/Content/EngineMaterials/Widget3DPassThrough.uexp" 677
"../../../Engine/Content/EngineMaterials/Widget3DPassThrough_Translucent.uasset" 678
"../../../Engine/Content/EngineMaterials/Widget3DPassThrough_Translucent.uexp" 679
"../../../Engine/Content/EngineMaterials/Widget3DPassThrough_Translucent_OneSided.uasset" 680
"../../../Engine/Content/EngineMaterials/Widget3DPassThrough_Translucent_OneSided.uexp" 681
"../../../Engine/Content/EngineMaterials/Widget3DPassThrough_Opaque.uasset" 682
"../../../Engine/Content/EngineMaterials/Widget3DPassThrough_Opaque.uexp" 683
"../../../Engine/Content/EngineMaterials/Widget3DPassThrough_Opaque_OneSided.uasset" 684
"../../../Engine/Content/EngineMaterials/Widget3DPassThrough_Opaque_OneSided.uexp" 685
"../../../Engine/Content/EngineMaterials/Widget3DPassThrough_Masked_OneSided.uasset" 686
"../../../Engine/Content/EngineMaterials/Widget3DPassThrough_Masked_OneSided.uexp" 687
"../../../Engine/Content/EngineMaterials/Widget3DPassThrough_Masked.uasset" 688
"../../../Engine/Content/EngineMaterials/Widget3DPassThrough_Masked.uexp" 689
"../../../Engine/Plugins/Interchange/Assets/Content/gltf/Textures/T_White_srgb.uasset" 690
"../../../Engine/Plugins/Interchange/Assets/Content/gltf/Textures/T_White_srgb.uexp" 691
"../../../Engine/Plugins/Interchange/Assets/Content/gltf/MaterialFunctions/MF_BaseColor.uasset" 692
"../../../Engine/Plugins/Interchange/Assets/Content/gltf/MaterialFunctions/MF_BaseColor.uexp" 693
"../../../Engine/Plugins/Interchange/Assets/Content/gltf/MaterialFunctions/MF_RotateV2.uasset" 694
"../../../Engine/Plugins/Interchange/Assets/Content/gltf/MaterialFunctions/MF_RotateV2.uexp" 695
"../../../Engine/Plugins/Interchange/Assets/Content/gltf/MaterialFunctions/MF_TransformUVs.uasset" 696
"../../../Engine/Plugins/Interchange/Assets/Content/gltf/MaterialFunctions/MF_TransformUVs.uexp" 697
"../../../Engine/Plugins/Interchange/Assets/Content/gltf/MaterialBodies/MF_Unlit_Body.uasset" 698
"../../../Engine/Plugins/Interchange/Assets/Content/gltf/MaterialBodies/MF_Unlit_Body.uexp" 699
"../../../Engine/Plugins/Interchange/Assets/Content/gltf/M_Unlit.uasset" 700
"../../../Engine/Plugins/Interchange/Assets/Content/gltf/M_Unlit.uexp" 701
"../../../Engine/Plugins/Interchange/Assets/Content/gltf/MaterialInstances/MI_Unlit_Opaque_DS.uasset" 702
"../../../Engine/Plugins/Interchange/Assets/Content/gltf/MaterialInstances/MI_Unlit_Opaque_DS.uexp" 703
"../../../Engine/Plugins/Interchange/Assets/Content/gltf/MaterialInstances/MI_Unlit_Opaque.uasset" 704
"../../../Engine/Plugins/Interchange/Assets/Content/gltf/MaterialInstances/MI_Unlit_Opaque.uexp" 705
"../../../Engine/Plugins/Interchange/Assets/Content/gltf/MaterialInstances/MI_Unlit_Mask_DS.uasset" 706
"../../../Engine/Plugins/Interchange/Assets/Content/gltf/MaterialInstances/MI_Unlit_Mask_DS.uexp" 707
"../../../Engine/Plugins/Interchange/Assets/Content/gltf/MaterialInstances/MI_Unlit_Mask.uasset" 708
"../../../Engine/Plugins/Interchange/Assets/Content/gltf/MaterialInstances/MI_Unlit_Mask.uexp" 709
"../../../Engine/Plugins/Interchange/Assets/Content/gltf/MaterialInstances/MI_Unlit_Blend_DS.uasset" 710
"../../../Engine/Plugins/Interchange/Assets/Content/gltf/MaterialInstances/MI_Unlit_Blend_DS.uexp" 711
"../../../Engine/Plugins/Interchange/Assets/Content/gltf/MaterialInstances/MI_Unlit_Blend.uasset" 712
"../../../Engine/Plugins/Interchange/Assets/Content/gltf/MaterialInstances/MI_Unlit_Blend.uexp" 713
"../../../Engine/Content/EngineMaterials/Good64x64TilingNoiseHighFreq.uasset" 714
"../../../Engine/Content/EngineMaterials/Good64x64TilingNoiseHighFreq.uexp" 715
"../../../Engine/Content/Functions/Engine_MaterialFunctions02/Texturing/ScreenAlignedPixelToPixelUVs.uasset" 716
"../../../Engine/Content/Functions/Engine_MaterialFunctions02/Texturing/ScreenAlignedPixelToPixelUVs.uexp" 717
"../../../Engine/Plugins/Interchange/Assets/Content/Utilities/New_LUT.uasset" 718
"../../../Engine/Plugins/Interchange/Assets/Content/Utilities/New_LUT.uexp" 719
"../../../Engine/Content/Functions/Engine_MaterialFunctions03/Math/RemapValueRange.uasset" 720
"../../../Engine/Content/Functions/Engine_MaterialFunctions03/Math/RemapValueRange.uexp" 721
"../../../Engine/Plugins/Interchange/Assets/Content/Functions/MF_Iridescence.uasset" 722
"../../../Engine/Plugins/Interchange/Assets/Content/Functions/MF_Iridescence.uexp" 723
"../../../Engine/Plugins/Interchange/Assets/Content/gltf/MaterialFunctions/MF_Fresnel_DS.uasset" 724
"../../../Engine/Plugins/Interchange/Assets/Content/gltf/MaterialFunctions/MF_Fresnel_DS.uexp" 725
"../../../Engine/Plugins/Interchange/Assets/Content/gltf/MaterialFunctions/MF_IOR.uasset" 726
"../../../Engine/Plugins/Interchange/Assets/Content/gltf/MaterialFunctions/MF_IOR.uexp" 727
"../../../Engine/Plugins/Interchange/Assets/Content/gltf/MaterialFunctions/MF_Iridescence.uasset" 728
"../../../Engine/Plugins/Interchange/Assets/Content/gltf/MaterialFunctions/MF_Iridescence.uexp" 729
"../../../Engine/Plugins/Interchange/Assets/Content/gltf/Textures/T_White_Linear.uasset" 730
"../../../Engine/Plugins/Interchange/Assets/Content/gltf/Textures/T_White_Linear.uexp" 731
"../../../Engine/Plugins/Interchange/Assets/Content/gltf/MaterialFunctions/MF_MetallicRoughness.uasset" 732
"../../../Engine/Plugins/Interchange/Assets/Content/gltf/MaterialFunctions/MF_MetallicRoughness.uexp" 733
"../../../Engine/Content/Functions/Engine_MaterialFunctions02/Math/Transform3x3Matrix.uasset" 734
"../../../Engine/Content/Functions/Engine_MaterialFunctions02/Math/Transform3x3Matrix.uexp" 735
"../../../Engine/Plugins/Interchange/Assets/Content/gltf/MaterialFunctions/MF_RotateNormals_TS.uasset" 736
"../../../Engine/Plugins/Interchange/Assets/Content/gltf/MaterialFunctions/MF_RotateNormals_TS.uexp" 737
"../../../Engine/Plugins/Interchange/Assets/Content/gltf/MaterialFunctions/MF_ScaleNormal.uasset" 738
"../../../Engine/Plugins/Interchange/Assets/Content/gltf/MaterialFunctions/MF_ScaleNormal.uexp" 739
"../../../Engine/Plugins/Interchange/Assets/Content/gltf/Textures/T_Generic_N.uasset" 740
"../../../Engine/Plugins/Interchange/Assets/Content/gltf/Textures/T_Generic_N.uexp" 741
"../../../Engine/Plugins/Interchange/Assets/Content/gltf/MaterialFunctions/MF_Normals.uasset" 742
"../../../Engine/Plugins/Interchange/Assets/Content/gltf/MaterialFunctions/MF_Normals.uexp" 743
"../../../Engine/Plugins/Interchange/Assets/Content/gltf/MaterialFunctions/MF_Occlusion.uasset" 744
"../../../Engine/Plugins/Interchange/Assets/Content/gltf/MaterialFunctions/MF_Occlusion.uexp" 745
"../../../Engine/Plugins/Interchange/Assets/Content/gltf/MaterialFunctions/MF_Specular.uasset" 746
"../../../Engine/Plugins/Interchange/Assets/Content/gltf/MaterialFunctions/MF_Specular.uexp" 747
"../../../Engine/Plugins/Interchange/Assets/Content/gltf/Textures/T_Anisotropy_Direction_Linear.uasset" 748
"../../../Engine/Plugins/Interchange/Assets/Content/gltf/Textures/T_Anisotropy_Direction_Linear.uexp" 749
"../../../Engine/Plugins/Interchange/Assets/Content/gltf/MaterialFunctions/MF_SpecularAnisotropy.uasset" 750
"../../../Engine/Plugins/Interchange/Assets/Content/gltf/MaterialFunctions/MF_SpecularAnisotropy.uexp" 751
"../../../Engine/Plugins/Interchange/Assets/Content/gltf/MaterialFunctions/MF_Temporal_Blur.uasset" 752
"../../../Engine/Plugins/Interchange/Assets/Content/gltf/MaterialFunctions/MF_Temporal_Blur.uexp" 753
"../../../Engine/Plugins/Interchange/Assets/Content/gltf/MaterialFunctions/MF_Transmission.uasset" 754
"../../../Engine/Plugins/Interchange/Assets/Content/gltf/MaterialFunctions/MF_Transmission.uexp" 755
"../../../Engine/Plugins/Interchange/Assets/Content/gltf/MaterialBodies/MF_Transmission_Body.uasset" 756
"../../../Engine/Plugins/Interchange/Assets/Content/gltf/MaterialBodies/MF_Transmission_Body.uexp" 757
"../../../Engine/Plugins/Interchange/Assets/Content/gltf/M_Transmission.uasset" 758
"../../../Engine/Plugins/Interchange/Assets/Content/gltf/M_Transmission.uexp" 759
"../../../Engine/Plugins/Interchange/Assets/Content/gltf/MaterialInstances/MI_Transmission_DS.uasset" 760
"../../../Engine/Plugins/Interchange/Assets/Content/gltf/MaterialInstances/MI_Transmission_DS.uexp" 761
"../../../Engine/Plugins/Interchange/Assets/Content/gltf/MaterialInstances/MI_Transmission.uasset" 762
"../../../Engine/Plugins/Interchange/Assets/Content/gltf/MaterialInstances/MI_Transmission.uexp" 763
"../../../Engine/Content/Functions/Engine_MaterialFunctions02/Math/AddComponents.uasset" 764
"../../../Engine/Content/Functions/Engine_MaterialFunctions02/Math/AddComponents.uexp" 765
"../../../Engine/Plugins/Interchange/Assets/Content/gltf/MaterialFunctions/MF_DiffuseSpecGloss.uasset" 766
"../../../Engine/Plugins/Interchange/Assets/Content/gltf/MaterialFunctions/MF_DiffuseSpecGloss.uexp" 767
"../../../Engine/Plugins/Interchange/Assets/Content/gltf/MaterialFunctions/MF_Emissive.uasset" 768
"../../../Engine/Plugins/Interchange/Assets/Content/gltf/MaterialFunctions/MF_Emissive.uexp" 769
"../../../Engine/Plugins/Interchange/Assets/Content/gltf/MaterialFunctions/MF_MaxComponentValue.uasset" 770
"../../../Engine/Plugins/Interchange/Assets/Content/gltf/MaterialFunctions/MF_MaxComponentValue.uexp" 771
"../../../Engine/Plugins/Interchange/Assets/Content/gltf/MaterialFunctions/MF_PerceivedBrightness.uasset" 772
"../../../Engine/Plugins/Interchange/Assets/Content/gltf/MaterialFunctions/MF_PerceivedBrightness.uexp" 773
"../../../Engine/Plugins/Interchange/Assets/Content/gltf/MaterialFunctions/MF_SpecGlossToMetalRoughness.uasset" 774
"../../../Engine/Plugins/Interchange/Assets/Content/gltf/MaterialFunctions/MF_SpecGlossToMetalRoughness.uexp" 775
"../../../Engine/Plugins/Interchange/Assets/Content/gltf/MaterialBodies/MF_SpecularGlossiness_Body.uasset" 776
"../../../Engine/Plugins/Interchange/Assets/Content/gltf/MaterialBodies/MF_SpecularGlossiness_Body.uexp" 777
"../../../Engine/Plugins/Interchange/Assets/Content/gltf/M_SpecularGlossiness.uasset" 778
"../../../Engine/Plugins/Interchange/Assets/Content/gltf/M_SpecularGlossiness.uexp" 779
"../../../Engine/Plugins/Interchange/Assets/Content/gltf/MaterialInstances/MI_SpecularGlossiness_Opaque_DS.uasset" 780
"../../../Engine/Plugins/Interchange/Assets/Content/gltf/MaterialInstances/MI_SpecularGlossiness_Opaque_DS.uexp" 781
"../../../Engine/Plugins/Interchange/Assets/Content/gltf/MaterialInstances/MI_SpecularGlossiness_Opaque.uasset" 782
"../../../Engine/Plugins/Interchange/Assets/Content/gltf/MaterialInstances/MI_SpecularGlossiness_Opaque.uexp" 783
"../../../Engine/Plugins/Interchange/Assets/Content/gltf/MaterialInstances/MI_SpecularGlossiness_Mask_DS.uasset" 784
"../../../Engine/Plugins/Interchange/Assets/Content/gltf/MaterialInstances/MI_SpecularGlossiness_Mask_DS.uexp" 785
"../../../Engine/Plugins/Interchange/Assets/Content/gltf/MaterialInstances/MI_SpecularGlossiness_Mask.uasset" 786
"../../../Engine/Plugins/Interchange/Assets/Content/gltf/MaterialInstances/MI_SpecularGlossiness_Mask.uexp" 787
"../../../Engine/Plugins/Interchange/Assets/Content/gltf/MaterialInstances/MI_SpecularGlossiness_Blend_DS.uasset" 788
"../../../Engine/Plugins/Interchange/Assets/Content/gltf/MaterialInstances/MI_SpecularGlossiness_Blend_DS.uexp" 789
"../../../Engine/Plugins/Interchange/Assets/Content/gltf/MaterialInstances/MI_SpecularGlossiness_Blend.uasset" 790
"../../../Engine/Plugins/Interchange/Assets/Content/gltf/MaterialInstances/MI_SpecularGlossiness_Blend.uexp" 791
"../../../Engine/Plugins/Interchange/Assets/Content/gltf/MaterialFunctions/MF_Sheen.uasset" 792
"../../../Engine/Plugins/Interchange/Assets/Content/gltf/MaterialFunctions/MF_Sheen.uexp" 793
"../../../Engine/Plugins/Interchange/Assets/Content/gltf/MaterialBodies/MF_Sheen_Body.uasset" 794
"../../../Engine/Plugins/Interchange/Assets/Content/gltf/MaterialBodies/MF_Sheen_Body.uexp" 795
"../../../Engine/Plugins/Interchange/Assets/Content/gltf/M_Sheen.uasset" 796
"../../../Engine/Plugins/Interchange/Assets/Content/gltf/M_Sheen.uexp" 797
"../../../Engine/Plugins/Interchange/Assets/Content/gltf/MaterialInstances/MI_Sheen_Opaque_DS.uasset" 798
"../../../Engine/Plugins/Interchange/Assets/Content/gltf/MaterialInstances/MI_Sheen_Opaque_DS.uexp" 799
"../../../Engine/Plugins/Interchange/Assets/Content/gltf/MaterialInstances/MI_Sheen_Opaque.uasset" 800
"../../../Engine/Plugins/Interchange/Assets/Content/gltf/MaterialInstances/MI_Sheen_Opaque.uexp" 801
"../../../Engine/Plugins/Interchange/Assets/Content/gltf/MaterialInstances/MI_Sheen_Mask_DS.uasset" 802
"../../../Engine/Plugins/Interchange/Assets/Content/gltf/MaterialInstances/MI_Sheen_Mask_DS.uexp" 803
"../../../Engine/Plugins/Interchange/Assets/Content/gltf/MaterialInstances/MI_Sheen_Mask.uasset" 804
"../../../Engine/Plugins/Interchange/Assets/Content/gltf/MaterialInstances/MI_Sheen_Mask.uexp" 805
"../../../Engine/Plugins/Interchange/Assets/Content/gltf/MaterialInstances/MI_Sheen_Blend_DS.uasset" 806
"../../../Engine/Plugins/Interchange/Assets/Content/gltf/MaterialInstances/MI_Sheen_Blend_DS.uexp" 807
"../../../Engine/Plugins/Interchange/Assets/Content/gltf/MaterialInstances/MI_Sheen_Blend.uasset" 808
"../../../Engine/Plugins/Interchange/Assets/Content/gltf/MaterialInstances/MI_Sheen_Blend.uexp" 809
"../../../Engine/Plugins/Interchange/Assets/Content/gltf/MaterialBodies/MF_Default_Body.uasset" 810
"../../../Engine/Plugins/Interchange/Assets/Content/gltf/MaterialBodies/MF_Default_Body.uexp" 811
"../../../Engine/Plugins/Interchange/Assets/Content/gltf/M_Default.uasset" 812
"../../../Engine/Plugins/Interchange/Assets/Content/gltf/M_Default.uexp" 813
"../../../Engine/Plugins/Interchange/Assets/Content/gltf/MaterialInstances/MI_Default_Opaque.uasset" 814
"../../../Engine/Plugins/Interchange/Assets/Content/gltf/MaterialInstances/MI_Default_Opaque.uexp" 815
"../../../Engine/Plugins/Interchange/Assets/Content/gltf/MaterialInstances/MI_Default_Mask_DS.uasset" 816
"../../../Engine/Plugins/Interchange/Assets/Content/gltf/MaterialInstances/MI_Default_Mask_DS.uexp" 817
"../../../Engine/Plugins/Interchange/Assets/Content/gltf/MaterialInstances/MI_Default_Mask.uasset" 818
"../../../Engine/Plugins/Interchange/Assets/Content/gltf/MaterialInstances/MI_Default_Mask.uexp" 819
"../../../Engine/Plugins/Interchange/Assets/Content/gltf/MaterialInstances/MI_Default_Blend_DS.uasset" 820
"../../../Engine/Plugins/Interchange/Assets/Content/gltf/MaterialInstances/MI_Default_Blend_DS.uexp" 821
"../../../Engine/Plugins/Interchange/Assets/Content/gltf/MaterialInstances/MI_Default_Blend.uasset" 822
"../../../Engine/Plugins/Interchange/Assets/Content/gltf/MaterialInstances/MI_Default_Blend.uexp" 823
"../../../Engine/Content/Functions/Engine_MaterialFunctions01/Texturing/FlattenNormal.uasset" 824
"../../../Engine/Content/Functions/Engine_MaterialFunctions01/Texturing/FlattenNormal.uexp" 825
"../../../Engine/Plugins/Interchange/Assets/Content/gltf/MaterialFunctions/MF_Clearcoat.uasset" 826
"../../../Engine/Plugins/Interchange/Assets/Content/gltf/MaterialFunctions/MF_Clearcoat.uexp" 827
"../../../Engine/Plugins/Interchange/Assets/Content/gltf/MaterialBodies/MF_ClearCoat_Body.uasset" 828
"../../../Engine/Plugins/Interchange/Assets/Content/gltf/MaterialBodies/MF_ClearCoat_Body.uexp" 829
"../../../Engine/Plugins/Interchange/Assets/Content/gltf/M_ClearCoat.uasset" 830
"../../../Engine/Plugins/Interchange/Assets/Content/gltf/M_ClearCoat.uexp" 831
"../../../Engine/Plugins/Interchange/Assets/Content/gltf/MaterialInstances/MI_ClearCoat_Opaque_DS.uasset" 832
"../../../Engine/Plugins/Interchange/Assets/Content/gltf/MaterialInstances/MI_ClearCoat_Opaque_DS.uexp" 833
"../../../Engine/Plugins/Interchange/Assets/Content/gltf/MaterialInstances/MI_ClearCoat_Opaque.uasset" 834
"../../../Engine/Plugins/Interchange/Assets/Content/gltf/MaterialInstances/MI_ClearCoat_Opaque.uexp" 835
"../../../Engine/Plugins/Interchange/Assets/Content/gltf/MaterialInstances/MI_ClearCoat_Mask_DS.uasset" 836
"../../../Engine/Plugins/Interchange/Assets/Content/gltf/MaterialInstances/MI_ClearCoat_Mask_DS.uexp" 837
"../../../Engine/Plugins/Interchange/Assets/Content/gltf/MaterialInstances/MI_ClearCoat_Mask.uasset" 838
"../../../Engine/Plugins/Interchange/Assets/Content/gltf/MaterialInstances/MI_ClearCoat_Mask.uexp" 839
"../../../Engine/Plugins/Interchange/Assets/Content/gltf/MaterialInstances/MI_ClearCoat_Blend_DS.uasset" 840
"../../../Engine/Plugins/Interchange/Assets/Content/gltf/MaterialInstances/MI_ClearCoat_Blend_DS.uexp" 841
"../../../Engine/Plugins/Interchange/Assets/Content/gltf/MaterialInstances/MI_ClearCoat_Blend.uasset" 842
"../../../Engine/Plugins/Interchange/Assets/Content/gltf/MaterialInstances/MI_ClearCoat_Blend.uexp" 843
"../../../Engine/Content/EngineMaterials/Substrate/Volume/SubstrateSimpleVolumeLUT3D.uasset" 844
"../../../Engine/Content/EngineMaterials/Substrate/Volume/SubstrateSimpleVolumeLUT3D.uexp" 845
"../../../Engine/Content/EngineMaterials/Substrate/Volume/SubstrateSimpleVolumeEnvLUT3D.uasset" 846
"../../../Engine/Content/EngineMaterials/Substrate/Volume/SubstrateSimpleVolumeEnvLUT3D.uexp" 847
"../../../Engine/Plugins/NNE/NNEDenoiser/Content/NNE_oidn2-3-0_rt_hdr_calb_cnrm_large__dyn__fp16_opset11_ForwardAlpha.uasset" 848
"../../../Engine/Plugins/NNE/NNEDenoiser/Content/NNE_oidn2-3-0_rt_hdr_calb_cnrm_large__dyn__fp16_opset11_ForwardAlpha.uexp" 849
"../../../Engine/Plugins/NNE/NNEDenoiser/Content/NNE_oidn2-3-0_rt_hdr_calb_cnrm_large__dyn__fp16_opset11_DenoiseAlpha.uasset" 850
"../../../Engine/Plugins/NNE/NNEDenoiser/Content/NNE_oidn2-3-0_rt_hdr_calb_cnrm_large__dyn__fp16_opset11_DenoiseAlpha.uexp" 851
"../../../Engine/Plugins/NNE/NNEDenoiser/Content/NNE_oidn2-3-0_rt_hdr_alb_nrm__dyn__fp16_opset11_ForwardAlpha.uasset" 852
"../../../Engine/Plugins/NNE/NNEDenoiser/Content/NNE_oidn2-3-0_rt_hdr_alb_nrm__dyn__fp16_opset11_ForwardAlpha.uexp" 853
"../../../Engine/Plugins/NNE/NNEDenoiser/Content/NNE_oidn2-3-0_rt_hdr_alb_nrm__dyn__fp16_opset11_DenoiseAlpha.uasset" 854
"../../../Engine/Plugins/NNE/NNEDenoiser/Content/NNE_oidn2-3-0_rt_hdr_alb_nrm__dyn__fp16_opset11_DenoiseAlpha.uexp" 855
"../../../Engine/Plugins/NNE/NNEDenoiser/Content/NNE_oidn2-3-0_rt_hdr_alb_nrm_small__dyn__fp16_opset11_ForwardAlpha.uasset" 856
"../../../Engine/Plugins/NNE/NNEDenoiser/Content/NNE_oidn2-3-0_rt_hdr_alb_nrm_small__dyn__fp16_opset11_ForwardAlpha.uexp" 857
"../../../Engine/Plugins/NNE/NNEDenoiser/Content/NNE_oidn2-3-0_rt_hdr_alb_nrm_small__dyn__fp16_opset11_DenoiseAlpha.uasset" 858
"../../../Engine/Plugins/NNE/NNEDenoiser/Content/NNE_oidn2-3-0_rt_hdr_alb_nrm_small__dyn__fp16_opset11_DenoiseAlpha.uexp" 859
"../../../Engine/Plugins/NNE/NNEDenoiser/Content/NNED_Oidn2-3_HighQuality_Alpha.uasset" 860
"../../../Engine/Plugins/NNE/NNEDenoiser/Content/NNED_Oidn2-3_HighQuality_Alpha.uexp" 861
"../../../Engine/Plugins/NNE/NNEDenoiser/Content/NNED_Oidn2-3_HighQuality.uasset" 862
"../../../Engine/Plugins/NNE/NNEDenoiser/Content/NNED_Oidn2-3_HighQuality.uexp" 863
"../../../Engine/Plugins/NNE/NNEDenoiser/Content/NNED_Oidn2-3_Fast_Alpha.uasset" 864
"../../../Engine/Plugins/NNE/NNEDenoiser/Content/NNED_Oidn2-3_Fast_Alpha.uexp" 865
"../../../Engine/Plugins/NNE/NNEDenoiser/Content/NNED_Oidn2-3_Fast.uasset" 866
"../../../Engine/Plugins/NNE/NNEDenoiser/Content/NNED_Oidn2-3_Fast.uexp" 867
"../../../Engine/Plugins/NNE/NNEDenoiser/Content/NNED_Oidn2-3_Balanced_Alpha.uasset" 868
"../../../Engine/Plugins/NNE/NNEDenoiser/Content/NNED_Oidn2-3_Balanced_Alpha.uexp" 869
"../../../Engine/Plugins/NNE/NNEDenoiser/Content/NNED_Oidn2-3_Balanced.uasset" 870
"../../../Engine/Plugins/NNE/NNEDenoiser/Content/NNED_Oidn2-3_Balanced.uexp" 871
"../../../Engine/Plugins/NNE/NNEDenoiser/Content/NNEDT_Oidn2-3_Balanced_Alpha.uasset" 872
"../../../Engine/Plugins/NNE/NNEDenoiser/Content/NNEDT_Oidn2-3_Balanced_Alpha.uexp" 873
"../../../Engine/Plugins/NNE/NNEDenoiser/Content/NNEDT_Oidn2-3_Balanced.uasset" 874
"../../../Engine/Plugins/NNE/NNEDenoiser/Content/NNEDT_Oidn2-3_Balanced.uexp" 875
"../../../Engine/Plugins/Animation/DeformerGraph/Content/DeformerFunctions/DG_Function_LinearBlendSkin_Morph_Cloth_PositionOnly.uasset" 876
"../../../Engine/Plugins/Animation/DeformerGraph/Content/DeformerFunctions/DG_Function_LinearBlendSkin_Morph_Cloth_PositionOnly.uexp" 877
"../../../Engine/Plugins/Animation/DeformerGraph/Content/DeformerFunctions/DG_Function_ComputeNormalsTangents.uasset" 878
"../../../Engine/Plugins/Animation/DeformerGraph/Content/DeformerFunctions/DG_Function_ComputeNormalsTangents.uexp" 879
"../../../Engine/Plugins/Animation/DeformerGraph/Content/Deformers/DG_LinearBlendSkin_Morph_Cloth_RecomputeNormals.uasset" 880
"../../../Engine/Plugins/Animation/DeformerGraph/Content/Deformers/DG_LinearBlendSkin_Morph_Cloth_RecomputeNormals.uexp" 881
"../../../Engine/Plugins/Animation/DeformerGraph/Content/DeformerFunctions/DG_Function_LinearBlendSkin_Morph_Cloth.uasset" 882
"../../../Engine/Plugins/Animation/DeformerGraph/Content/DeformerFunctions/DG_Function_LinearBlendSkin_Morph_Cloth.uexp" 883
"../../../Engine/Plugins/Animation/DeformerGraph/Content/Deformers/DG_LinearBlendSkin_Morph_Cloth.uasset" 884
"../../../Engine/Plugins/Animation/DeformerGraph/Content/Deformers/DG_LinearBlendSkin_Morph_Cloth.uexp" 885
"../../../Engine/Content/VREditor/Sounds/UI/Drop_Item_From_ContentBrowser.ubulk" 886
"../../../Engine/Content/VREditor/Sounds/UI/Drop_Item_From_ContentBrowser.uasset" 887
"../../../Engine/Content/VREditor/Sounds/UI/Drop_Item_From_ContentBrowser.uexp" 888
"../../../Engine/Content/VREditor/TransformGizmo/TransformGizmoMaterial_Inst.uasset" 889
"../../../Engine/Content/VREditor/TransformGizmo/TransformGizmoMaterial_Inst.uexp" 890
"../../../Engine/Content/VREditor/TransformGizmo/TranslucentTransformGizmoMaterial_Inst.uasset" 891
"../../../Engine/Content/VREditor/TransformGizmo/TranslucentTransformGizmoMaterial_Inst.uexp" 892
"../../../Engine/Content/Functions/Engine_MaterialFunctions02/SplitComponents.uasset" 893
"../../../Engine/Content/Functions/Engine_MaterialFunctions02/SplitComponents.uexp" 894
"../../../Engine/Content/VREditor/SnapGrid/SnapGridMaterial.uasset" 895
"../../../Engine/Content/VREditor/SnapGrid/SnapGridMaterial.uexp" 896
"../../../Engine/Content/VREditor/SnapGrid/SnapGridPlaneMesh.ubulk" 897
"../../../Engine/Content/VREditor/SnapGrid/SnapGridPlaneMesh.uasset" 898
"../../../Engine/Content/VREditor/SnapGrid/SnapGridPlaneMesh.uexp" 899
"../../../Engine/Content/VREditor/Sounds/UI/Gizmo_Handle_Clicked.ubulk" 900
"../../../Engine/Content/VREditor/Sounds/UI/Gizmo_Handle_Clicked.uasset" 901
"../../../Engine/Content/VREditor/Sounds/UI/Gizmo_Handle_Clicked.uexp" 902
"../../../Engine/Content/VREditor/Sounds/UI/Object_PickUp.ubulk" 903
"../../../Engine/Content/VREditor/Sounds/UI/Object_PickUp.uasset" 904
"../../../Engine/Content/VREditor/Sounds/UI/Object_PickUp.uexp" 905
"../../../Engine/Content/VREditor/Sounds/UI/Object_Snaps_To_Another_Actor.ubulk" 906
"../../../Engine/Content/VREditor/Sounds/UI/Object_Snaps_To_Another_Actor.uasset" 907
"../../../Engine/Content/VREditor/Sounds/UI/Object_Snaps_To_Another_Actor.uexp" 908
"../../../Engine/Content/VREditor/Sounds/UI/Object_Snaps_To_Grid.ubulk" 909
"../../../Engine/Content/VREditor/Sounds/UI/Object_Snaps_To_Grid.uasset" 910
"../../../Engine/Content/VREditor/Sounds/UI/Object_Snaps_To_Grid.uexp" 911
"../../../Engine/Content/VREditor/Sounds/UI/Scaling_Down.ubulk" 912
"../../../Engine/Content/VREditor/Sounds/UI/Scaling_Down.uasset" 913
"../../../Engine/Content/VREditor/Sounds/UI/Scaling_Down.uexp" 914
"../../../Engine/Content/VREditor/Sounds/UI/Scaling_Up.ubulk" 915
"../../../Engine/Content/VREditor/Sounds/UI/Scaling_Up.uasset" 916
"../../../Engine/Content/VREditor/Sounds/UI/Scaling_Up.uexp" 917
"../../../Engine/Content/VREditor/Sounds/UI/Selection_Changes.ubulk" 918
"../../../Engine/Content/VREditor/Sounds/UI/Selection_Changes.uasset" 919
"../../../Engine/Content/VREditor/Sounds/UI/Selection_Changes.uexp" 920
"../../../Engine/Content/VREditor/TransformGizmo/PlaneTranslationHandle.ubulk" 921
"../../../Engine/Content/VREditor/TransformGizmo/PlaneTranslationHandle.uasset" 922
"../../../Engine/Content/VREditor/TransformGizmo/PlaneTranslationHandle.uexp" 923
"../../../Engine/Content/VREditor/TransformGizmo/RotationHandleFull.ubulk" 924
"../../../Engine/Content/VREditor/TransformGizmo/RotationHandleFull.uasset" 925
"../../../Engine/Content/VREditor/TransformGizmo/RotationHandleFull.uexp" 926
"../../../Engine/Content/VREditor/TransformGizmo/RotationHandleIndicator.ubulk" 927
"../../../Engine/Content/VREditor/TransformGizmo/RotationHandleIndicator.uasset" 928
"../../../Engine/Content/VREditor/TransformGizmo/RotationHandleIndicator.uexp" 929
"../../../Engine/Content/VREditor/TransformGizmo/RotationHandleQuarter.ubulk" 930
"../../../Engine/Content/VREditor/TransformGizmo/RotationHandleQuarter.uasset" 931
"../../../Engine/Content/VREditor/TransformGizmo/RotationHandleQuarter.uexp" 932
"../../../Engine/Content/VREditor/TransformGizmo/StartRotationHandleIndicator.ubulk" 933
"../../../Engine/Content/VREditor/TransformGizmo/StartRotationHandleIndicator.uasset" 934
"../../../Engine/Content/VREditor/TransformGizmo/StartRotationHandleIndicator.uexp" 935
"../../../Engine/Content/VREditor/TransformGizmo/TransformGizmoFreeRotation.ubulk" 936
"../../../Engine/Content/VREditor/TransformGizmo/TransformGizmoFreeRotation.uasset" 937
"../../../Engine/Content/VREditor/TransformGizmo/TransformGizmoFreeRotation.uexp" 938
"../../../Engine/Content/VREditor/TransformGizmo/TranslateArrowHandle.ubulk" 939
"../../../Engine/Content/VREditor/TransformGizmo/TranslateArrowHandle.uasset" 940
"../../../Engine/Content/VREditor/TransformGizmo/TranslateArrowHandle.uexp" 941
"../../../Engine/Content/VREditor/TransformGizmo/UniformScaleHandle.ubulk" 942
"../../../Engine/Content/VREditor/TransformGizmo/UniformScaleHandle.uasset" 943
"../../../Engine/Content/VREditor/TransformGizmo/UniformScaleHandle.uexp" 944
"../../../Engine/Content/EngineResources/LandscapeVisibilityLayerInfo.uasset" 945
"../../../Engine/Content/EngineResources/LandscapeVisibilityLayerInfo.uexp" 946
"../../../Engine/Content/Maps/Entry_BuiltData.uasset" 947
"../../../Engine/Content/Maps/Entry_BuiltData.uexp" 948
"../../../Engine/Content/Maps/Entry.uexp" 949
"../../../Engine/Content/Maps/Entry.umap" 950
"../../../Engine/Content/EngineResources/DefaultTexture.ubulk" 951
"../../../Engine/Content/EngineResources/DefaultTexture.uasset" 952
"../../../Engine/Content/EngineResources/DefaultTexture.uexp" 953
"../../../Engine/Content/Functions/Engine_MaterialFunctions01/Shading/ConvertFromDiffSpec.uasset" 954
"../../../Engine/Content/Functions/Engine_MaterialFunctions01/Shading/ConvertFromDiffSpec.uexp" 955
"../../../Engine/Content/EngineMaterials/DefaultNormal.ubulk" 956
"../../../Engine/Content/EngineMaterials/DefaultNormal.uasset" 957
"../../../Engine/Content/EngineMaterials/DefaultNormal.uexp" 958
"../../../Engine/Plugins/Interchange/Assets/Content/Materials/MapOrColorFunction.uasset" 959
"../../../Engine/Plugins/Interchange/Assets/Content/Materials/MapOrColorFunction.uexp" 960
"../../../Engine/Plugins/Interchange/Assets/Content/Materials/MapOrLinearColorFunction.uasset" 961
"../../../Engine/Plugins/Interchange/Assets/Content/Materials/MapOrLinearColorFunction.uexp" 962
"../../../Engine/Plugins/Interchange/Assets/Content/Materials/MapOrScalarFunction.uasset" 963
"../../../Engine/Plugins/Interchange/Assets/Content/Materials/MapOrScalarFunction.uexp" 964
"../../../Engine/Plugins/Interchange/Assets/Content/Materials/PhongSurfaceMaterial.uasset" 965
"../../../Engine/Plugins/Interchange/Assets/Content/Materials/PhongSurfaceMaterial.uexp" 966
"C:/Users/Joe Green/Documents/Unreal Projects/HeistGame/Content/Fab/Diamond_Lowpoly/Diamond_mat.uasset" 967
"C:/Users/Joe Green/Documents/Unreal Projects/HeistGame/Content/Fab/Diamond_Lowpoly/Diamond_mat.uexp" 968
"C:/Users/Joe Green/Documents/Unreal Projects/HeistGame/Content/Fab/Diamond_Lowpoly/Diamond_Model.ubulk" 969
"C:/Users/Joe Green/Documents/Unreal Projects/HeistGame/Content/Fab/Diamond_Lowpoly/Diamond_Model.uasset" 970
"C:/Users/Joe Green/Documents/Unreal Projects/HeistGame/Content/Fab/Diamond_Lowpoly/Diamond_Model.uexp" 971
"C:/Users/Joe Green/Documents/Unreal Projects/HeistGame/Content/BP_Jewel.uasset" 972
"C:/Users/Joe Green/Documents/Unreal Projects/HeistGame/Content/BP_Jewel.uexp" 973
"../../../Engine/Content/MapTemplates/SM_Template_Map_Floor.ubulk" 974
"../../../Engine/Content/MapTemplates/SM_Template_Map_Floor.uasset" 975
"../../../Engine/Content/MapTemplates/SM_Template_Map_Floor.uexp" 976
"../../../Engine/Content/EngineSky/T_Sky_Stars.ubulk" 977
"../../../Engine/Content/EngineSky/T_Sky_Stars.uasset" 978
"../../../Engine/Content/EngineSky/T_Sky_Stars.uexp" 979
"../../../Engine/Content/EngineSky/T_Sky_Clouds_M.ubulk" 980
"../../../Engine/Content/EngineSky/T_Sky_Clouds_M.uasset" 981
"../../../Engine/Content/EngineSky/T_Sky_Clouds_M.uexp" 982
"../../../Engine/Content/EngineSky/T_Sky_Blue.ubulk" 983
"../../../Engine/Content/EngineSky/T_Sky_Blue.uasset" 984
"../../../Engine/Content/EngineSky/T_Sky_Blue.uexp" 985
"../../../Engine/Content/EngineSky/M_Sky_Panning_Clouds2.uasset" 986
"../../../Engine/Content/EngineSky/M_Sky_Panning_Clouds2.uexp" 987
"../../../Engine/Content/EngineSky/SM_SkySphere.ubulk" 988
"../../../Engine/Content/EngineSky/SM_SkySphere.uasset" 989
"../../../Engine/Content/EngineSky/SM_SkySphere.uexp" 990
"../../../Engine/Content/EngineSky/M_SimpleSkyDome.uasset" 991
"../../../Engine/Content/EngineSky/M_SimpleSkyDome.uexp" 992
"../../../Engine/Content/EngineMaterials/T_Default_Material_Grid_N_Low.uasset" 993
"../../../Engine/Content/EngineMaterials/T_Default_Material_Grid_N_Low.uexp" 994
"../../../Engine/Content/EngineMaterials/T_Default_Material_Grid_M_Low.uasset" 995
"../../../Engine/Content/EngineMaterials/T_Default_Material_Grid_M_Low.uexp" 996
"../../../Engine/Content/EngineMaterials/WorldGridMaterial_Low.uasset" 997
"../../../Engine/Content/EngineMaterials/WorldGridMaterial_Low.uexp" 998
"C:/Users/Joe Green/Documents/Unreal Projects/HeistGame/Content/Inputs/IA_Turn.uasset" 999
"C:/Users/Joe Green/Documents/Unreal Projects/HeistGame/Content/Inputs/IA_Turn.uexp" 1000
"C:/Users/Joe Green/Documents/Unreal Projects/HeistGame/Content/Inputs/IA_Strafe.uasset" 1001
"C:/Users/Joe Green/Documents/Unreal Projects/HeistGame/Content/Inputs/IA_Strafe.uexp" 1002
"C:/Users/Joe Green/Documents/Unreal Projects/HeistGame/Content/Inputs/IA_MoveForward.uasset" 1003
"C:/Users/Joe Green/Documents/Unreal Projects/HeistGame/Content/Inputs/IA_MoveForward.uexp" 1004
"C:/Users/Joe Green/Documents/Unreal Projects/HeistGame/Content/Inputs/IA_LookUp.uasset" 1005
"C:/Users/Joe Green/Documents/Unreal Projects/HeistGame/Content/Inputs/IA_LookUp.uexp" 1006
"C:/Users/Joe Green/Documents/Unreal Projects/HeistGame/Content/Inputs/IA_Jump.uasset" 1007
"C:/Users/Joe Green/Documents/Unreal Projects/HeistGame/Content/Inputs/IA_Jump.uexp" 1008
"C:/Users/Joe Green/Documents/Unreal Projects/HeistGame/Content/Inputs/IA_Sprint.uasset" 1009
"C:/Users/Joe Green/Documents/Unreal Projects/HeistGame/Content/Inputs/IA_Sprint.uexp" 1010
"C:/Users/Joe Green/Documents/Unreal Projects/HeistGame/Content/Inputs/IA_Crouch.uasset" 1011
"C:/Users/Joe Green/Documents/Unreal Projects/HeistGame/Content/Inputs/IA_Crouch.uexp" 1012
"C:/Users/Joe Green/Documents/Unreal Projects/HeistGame/Content/Inputs/IA_Aim.uasset" 1013
"C:/Users/Joe Green/Documents/Unreal Projects/HeistGame/Content/Inputs/IA_Aim.uexp" 1014
"C:/Users/Joe Green/Documents/Unreal Projects/HeistGame/Content/Inputs/IA_Fire.uasset" 1015
"C:/Users/Joe Green/Documents/Unreal Projects/HeistGame/Content/Inputs/IA_Fire.uexp" 1016
"C:/Users/Joe Green/Documents/Unreal Projects/HeistGame/Content/Inputs/IA_Reload.uasset" 1017
"C:/Users/Joe Green/Documents/Unreal Projects/HeistGame/Content/Inputs/IA_Reload.uexp" 1018
"C:/Users/Joe Green/Documents/Unreal Projects/HeistGame/Content/Inputs/IMC_CharacterMap.uasset" 1019
"C:/Users/Joe Green/Documents/Unreal Projects/HeistGame/Content/Inputs/IMC_CharacterMap.uexp" 1020
"C:/Users/Joe Green/Documents/Unreal Projects/HeistGame/Content/Animations/ClassicAnimations/UE4_Mannequin/Mesh/UE4_Mannequin_Skeleton.uasset" 1021
"C:/Users/Joe Green/Documents/Unreal Projects/HeistGame/Content/Animations/ClassicAnimations/UE4_Mannequin/Mesh/UE4_Mannequin_Skeleton.uexp" 1022
"C:/Users/Joe Green/Documents/Unreal Projects/HeistGame/Content/Animations/ClassicAnimations/UE4_Mannequin/Mesh/SK_Mannequin_PhysicsAsset.uasset" 1023
"C:/Users/Joe Green/Documents/Unreal Projects/HeistGame/Content/Animations/ClassicAnimations/UE4_Mannequin/Mesh/SK_Mannequin_PhysicsAsset.uexp" 1024
"C:/Users/Joe Green/Documents/Unreal Projects/HeistGame/Content/Animations/ClassicAnimations/UE4_Mannequin/Textures/UE4Man_Logo_N.ubulk" 1025
"C:/Users/Joe Green/Documents/Unreal Projects/HeistGame/Content/Animations/ClassicAnimations/UE4_Mannequin/Textures/UE4Man_Logo_N.uasset" 1026
"C:/Users/Joe Green/Documents/Unreal Projects/HeistGame/Content/Animations/ClassicAnimations/UE4_Mannequin/Textures/UE4Man_Logo_N.uexp" 1027
"../../../Engine/Content/Functions/MaterialLayerFunctions/MatLayerBlend_Simple.uasset" 1028
"../../../Engine/Content/Functions/MaterialLayerFunctions/MatLayerBlend_Simple.uexp" 1029
"../../../Engine/Content/Functions/MaterialLayerFunctions/MatLayerBlend_NormalBlend.uasset" 1030
"../../../Engine/Content/Functions/MaterialLayerFunctions/MatLayerBlend_NormalBlend.uexp" 1031
"../../../Engine/Content/Functions/MaterialLayerFunctions/MatLayerBlend_AO.uasset" 1032
"../../../Engine/Content/Functions/MaterialLayerFunctions/MatLayerBlend_AO.uexp" 1033
"C:/Users/Joe Green/Documents/Unreal Projects/HeistGame/Content/Animations/ClassicAnimations/UE4_Mannequin/Textures/UE4_Mannequin__normals.ubulk" 1034
"C:/Users/Joe Green/Documents/Unreal Projects/HeistGame/Content/Animations/ClassicAnimations/UE4_Mannequin/Textures/UE4_Mannequin__normals.uasset" 1035
"C:/Users/Joe Green/Documents/Unreal Projects/HeistGame/Content/Animations/ClassicAnimations/UE4_Mannequin/Textures/UE4_Mannequin__normals.uexp" 1036
"C:/Users/Joe Green/Documents/Unreal Projects/HeistGame/Content/Animations/ClassicAnimations/UE4_Mannequin/Textures/UE4_Mannequin_occlusion_Mobile.ubulk" 1037
"C:/Users/Joe Green/Documents/Unreal Projects/HeistGame/Content/Animations/ClassicAnimations/UE4_Mannequin/Textures/UE4_Mannequin_occlusion_Mobile.uasset" 1038
"C:/Users/Joe Green/Documents/Unreal Projects/HeistGame/Content/Animations/ClassicAnimations/UE4_Mannequin/Textures/UE4_Mannequin_occlusion_Mobile.uexp" 1039
"C:/Users/Joe Green/Documents/Unreal Projects/HeistGame/Content/Animations/ClassicAnimations/UE4_Mannequin/Textures/UE4_Mannequin_MAT_MASKA.ubulk" 1040
"C:/Users/Joe Green/Documents/Unreal Projects/HeistGame/Content/Animations/ClassicAnimations/UE4_Mannequin/Textures/UE4_Mannequin_MAT_MASKA.uasset" 1041
"C:/Users/Joe Green/Documents/Unreal Projects/HeistGame/Content/Animations/ClassicAnimations/UE4_Mannequin/Textures/UE4_Mannequin_MAT_MASKA.uexp" 1042
"C:/Users/Joe Green/Documents/Unreal Projects/HeistGame/Content/Animations/ClassicAnimations/UE4_Mannequin/Textures/UE4_LOGO_CARD.ubulk" 1043
"C:/Users/Joe Green/Documents/Unreal Projects/HeistGame/Content/Animations/ClassicAnimations/UE4_Mannequin/Textures/UE4_LOGO_CARD.uasset" 1044
"C:/Users/Joe Green/Documents/Unreal Projects/HeistGame/Content/Animations/ClassicAnimations/UE4_Mannequin/Textures/UE4_LOGO_CARD.uexp" 1045
"C:/Users/Joe Green/Documents/Unreal Projects/HeistGame/Content/Animations/ClassicAnimations/UE4_Mannequin/Materials/MaterialLayers/T_ML_Rubber_Blue_01_N.ubulk" 1046
"C:/Users/Joe Green/Documents/Unreal Projects/HeistGame/Content/Animations/ClassicAnimations/UE4_Mannequin/Materials/MaterialLayers/T_ML_Rubber_Blue_01_N.uasset" 1047
"C:/Users/Joe Green/Documents/Unreal Projects/HeistGame/Content/Animations/ClassicAnimations/UE4_Mannequin/Materials/MaterialLayers/T_ML_Rubber_Blue_01_N.uexp" 1048
"C:/Users/Joe Green/Documents/Unreal Projects/HeistGame/Content/Animations/ClassicAnimations/UE4_Mannequin/Materials/MaterialLayers/T_ML_Rubber_Blue_01_D.ubulk" 1049
"C:/Users/Joe Green/Documents/Unreal Projects/HeistGame/Content/Animations/ClassicAnimations/UE4_Mannequin/Materials/MaterialLayers/T_ML_Rubber_Blue_01_D.uasset" 1050
"C:/Users/Joe Green/Documents/Unreal Projects/HeistGame/Content/Animations/ClassicAnimations/UE4_Mannequin/Materials/MaterialLayers/T_ML_Rubber_Blue_01_D.uexp" 1051
"C:/Users/Joe Green/Documents/Unreal Projects/HeistGame/Content/Animations/ClassicAnimations/UE4_Mannequin/Materials/MaterialLayers/T_ML_Aluminum01_N.ubulk" 1052
"C:/Users/Joe Green/Documents/Unreal Projects/HeistGame/Content/Animations/ClassicAnimations/UE4_Mannequin/Materials/MaterialLayers/T_ML_Aluminum01_N.uasset" 1053
"C:/Users/Joe Green/Documents/Unreal Projects/HeistGame/Content/Animations/ClassicAnimations/UE4_Mannequin/Materials/MaterialLayers/T_ML_Aluminum01_N.uexp" 1054
"C:/Users/Joe Green/Documents/Unreal Projects/HeistGame/Content/Animations/ClassicAnimations/UE4_Mannequin/Materials/MaterialLayers/T_ML_Aluminum01.ubulk" 1055
"C:/Users/Joe Green/Documents/Unreal Projects/HeistGame/Content/Animations/ClassicAnimations/UE4_Mannequin/Materials/MaterialLayers/T_ML_Aluminum01.uasset" 1056
"C:/Users/Joe Green/Documents/Unreal Projects/HeistGame/Content/Animations/ClassicAnimations/UE4_Mannequin/Materials/MaterialLayers/T_ML_Aluminum01.uexp" 1057
"C:/Users/Joe Green/Documents/Unreal Projects/HeistGame/Content/Animations/ClassicAnimations/UE4_Mannequin/Materials/MaterialLayers/ML_GlossyBlack_Latex_UE4.uasset" 1058
"C:/Users/Joe Green/Documents/Unreal Projects/HeistGame/Content/Animations/ClassicAnimations/UE4_Mannequin/Materials/MaterialLayers/ML_GlossyBlack_Latex_UE4.uexp" 1059
"C:/Users/Joe Green/Documents/Unreal Projects/HeistGame/Content/Animations/ClassicAnimations/UE4_Mannequin/Materials/MaterialLayers/ML_Plastic_Shiny_Beige.uasset" 1060
"C:/Users/Joe Green/Documents/Unreal Projects/HeistGame/Content/Animations/ClassicAnimations/UE4_Mannequin/Materials/MaterialLayers/ML_Plastic_Shiny_Beige.uexp" 1061
"C:/Users/Joe Green/Documents/Unreal Projects/HeistGame/Content/Animations/ClassicAnimations/UE4_Mannequin/Materials/MaterialLayers/ML_Plastic_Shiny_Beige_LOGO.uasset" 1062
"C:/Users/Joe Green/Documents/Unreal Projects/HeistGame/Content/Animations/ClassicAnimations/UE4_Mannequin/Materials/MaterialLayers/ML_Plastic_Shiny_Beige_LOGO.uexp" 1063
"C:/Users/Joe Green/Documents/Unreal Projects/HeistGame/Content/Animations/ClassicAnimations/UE4_Mannequin/Materials/MaterialLayers/ML_SoftMetal_UE4.uasset" 1064
"C:/Users/Joe Green/Documents/Unreal Projects/HeistGame/Content/Animations/ClassicAnimations/UE4_Mannequin/Materials/MaterialLayers/ML_SoftMetal_UE4.uexp" 1065
"C:/Users/Joe Green/Documents/Unreal Projects/HeistGame/Content/Animations/ClassicAnimations/UE4_Mannequin/Materials/M_UE4Man_Body.uasset" 1066
"C:/Users/Joe Green/Documents/Unreal Projects/HeistGame/Content/Animations/ClassicAnimations/UE4_Mannequin/Materials/M_UE4Man_Body.uexp" 1067
"C:/Users/Joe Green/Documents/Unreal Projects/HeistGame/Content/Animations/ClassicAnimations/UE4_Mannequin/Materials/M_UE4Man_ChestLogo.uasset" 1068
"C:/Users/Joe Green/Documents/Unreal Projects/HeistGame/Content/Animations/ClassicAnimations/UE4_Mannequin/Materials/M_UE4Man_ChestLogo.uexp" 1069
"C:/Users/Joe Green/Documents/Unreal Projects/HeistGame/Content/Animations/ClassicAnimations/UE4_Mannequin/Mesh/SK_Mannequin.uasset" 1070
"C:/Users/Joe Green/Documents/Unreal Projects/HeistGame/Content/Animations/ClassicAnimations/UE4_Mannequin/Mesh/SK_Mannequin.uexp" 1071
"../../../Engine/Plugins/Interchange/Assets/Content/gltf/MaterialInstances/MI_Default_Opaque_DS.uasset" 1072
"../../../Engine/Plugins/Interchange/Assets/Content/gltf/MaterialInstances/MI_Default_Opaque_DS.uexp" 1073
"C:/Users/Joe Green/Documents/Unreal Projects/HeistGame/Content/Fab/AKS_Tactical_Upgrade/akriflefbx/Textures/akriflefbx_texture_0.ubulk" 1074
"C:/Users/Joe Green/Documents/Unreal Projects/HeistGame/Content/Fab/AKS_Tactical_Upgrade/akriflefbx/Textures/akriflefbx_texture_0.uasset" 1075
"C:/Users/Joe Green/Documents/Unreal Projects/HeistGame/Content/Fab/AKS_Tactical_Upgrade/akriflefbx/Textures/akriflefbx_texture_0.uexp" 1076
"C:/Users/Joe Green/Documents/Unreal Projects/HeistGame/Content/Fab/AKS_Tactical_Upgrade/akriflefbx/Textures/akriflefbx_texture_1.ubulk" 1077
"C:/Users/Joe Green/Documents/Unreal Projects/HeistGame/Content/Fab/AKS_Tactical_Upgrade/akriflefbx/Textures/akriflefbx_texture_1.uasset" 1078
"C:/Users/Joe Green/Documents/Unreal Projects/HeistGame/Content/Fab/AKS_Tactical_Upgrade/akriflefbx/Textures/akriflefbx_texture_1.uexp" 1079
"C:/Users/Joe Green/Documents/Unreal Projects/HeistGame/Content/Fab/AKS_Tactical_Upgrade/akriflefbx/Textures/akriflefbx_texture_2.ubulk" 1080
"C:/Users/Joe Green/Documents/Unreal Projects/HeistGame/Content/Fab/AKS_Tactical_Upgrade/akriflefbx/Textures/akriflefbx_texture_2.uasset" 1081
"C:/Users/Joe Green/Documents/Unreal Projects/HeistGame/Content/Fab/AKS_Tactical_Upgrade/akriflefbx/Textures/akriflefbx_texture_2.uexp" 1082
"C:/Users/Joe Green/Documents/Unreal Projects/HeistGame/Content/Fab/AKS_Tactical_Upgrade/akriflefbx/Materials/ak.uasset" 1083
"C:/Users/Joe Green/Documents/Unreal Projects/HeistGame/Content/Fab/AKS_Tactical_Upgrade/akriflefbx/Materials/ak.uexp" 1084
"C:/Users/Joe Green/Documents/Unreal Projects/HeistGame/Content/Fab/AKS_Tactical_Upgrade/akriflefbx/StaticMeshes/akriflefbx.ubulk" 1085
"C:/Users/Joe Green/Documents/Unreal Projects/HeistGame/Content/Fab/AKS_Tactical_Upgrade/akriflefbx/StaticMeshes/akriflefbx.uasset" 1086
"C:/Users/Joe Green/Documents/Unreal Projects/HeistGame/Content/Fab/AKS_Tactical_Upgrade/akriflefbx/StaticMeshes/akriflefbx.uexp" 1087
"C:/Users/Joe Green/Documents/Unreal Projects/HeistGame/Content/Characters/Player/BP_Rifle.uasset" 1088
"C:/Users/Joe Green/Documents/Unreal Projects/HeistGame/Content/Characters/Player/BP_Rifle.uexp" 1089
"../../../Engine/Plugins/Animation/ACLPlugin/Content/ACLAnimBoneCompressionSettings.uasset" 1090
"../../../Engine/Plugins/Animation/ACLPlugin/Content/ACLAnimBoneCompressionSettings.uexp" 1091
"../../../Engine/Content/Animation/DefaultVariableFrameStrippingSettings.uasset" 1092
"../../../Engine/Content/Animation/DefaultVariableFrameStrippingSettings.uexp" 1093
"C:/Users/Joe Green/Documents/Unreal Projects/HeistGame/Content/Misc/SandboxAnimCurveCompressionSettings.uasset" 1094
"C:/Users/Joe Green/Documents/Unreal Projects/HeistGame/Content/Misc/SandboxAnimCurveCompressionSettings.uexp" 1095
"C:/Users/Joe Green/Documents/Unreal Projects/HeistGame/Content/Animations/M_Neutral_Stand_Idle_Loop.uasset" 1096
"C:/Users/Joe Green/Documents/Unreal Projects/HeistGame/Content/Animations/M_Neutral_Stand_Idle_Loop.uexp" 1097
"C:/Users/Joe Green/Documents/Unreal Projects/HeistGame/Content/Animations/M_Neutral_Run_Loop_RR.uasset" 1098
"C:/Users/Joe Green/Documents/Unreal Projects/HeistGame/Content/Animations/M_Neutral_Run_Loop_RR.uexp" 1099
"C:/Users/Joe Green/Documents/Unreal Projects/HeistGame/Content/Animations/M_Neutral_Run_Loop_LL.uasset" 1100
"C:/Users/Joe Green/Documents/Unreal Projects/HeistGame/Content/Animations/M_Neutral_Run_Loop_LL.uexp" 1101
"C:/Users/Joe Green/Documents/Unreal Projects/HeistGame/Content/Animations/M_Neutral_Run_Loop_F.uasset" 1102
"C:/Users/Joe Green/Documents/Unreal Projects/HeistGame/Content/Animations/M_Neutral_Run_Loop_F.uexp" 1103
"C:/Users/Joe Green/Documents/Unreal Projects/HeistGame/Content/Animations/M_Neutral_Run_Loop_B.uasset" 1104
"C:/Users/Joe Green/Documents/Unreal Projects/HeistGame/Content/Animations/M_Neutral_Run_Loop_B.uexp" 1105
"C:/Users/Joe Green/Documents/Unreal Projects/HeistGame/Content/Animations/M_Neutral_Jump_F_Start_Run_Lfoot.uasset" 1106
"C:/Users/Joe Green/Documents/Unreal Projects/HeistGame/Content/Animations/M_Neutral_Jump_F_Start_Run_Lfoot.uexp" 1107
"../../../Engine/Content/Animation/DefaultAnimCurveCompressionSettings.uasset" 1108
"../../../Engine/Content/Animation/DefaultAnimCurveCompressionSettings.uexp" 1109
"C:/Users/Joe Green/Documents/Unreal Projects/HeistGame/Content/Animations/ClassicAnimations/Idle_Rifle_Ironsights.uasset" 1110
"C:/Users/Joe Green/Documents/Unreal Projects/HeistGame/Content/Animations/ClassicAnimations/Idle_Rifle_Ironsights.uexp" 1111
"C:/Users/Joe Green/Documents/Unreal Projects/HeistGame/Content/Animations/ClassicAnimations/Jump_From_Stand.uasset" 1112
"C:/Users/Joe Green/Documents/Unreal Projects/HeistGame/Content/Animations/ClassicAnimations/Jump_From_Stand.uexp" 1113
"C:/Users/Joe Green/Documents/Unreal Projects/HeistGame/Content/Animations/ClassicAnimations/Crouch_Idle_Rifle_Hip.uasset" 1114
"C:/Users/Joe Green/Documents/Unreal Projects/HeistGame/Content/Animations/ClassicAnimations/Crouch_Idle_Rifle_Hip.uexp" 1115
"C:/Users/Joe Green/Documents/Unreal Projects/HeistGame/Content/Animations/ClassicAnimations/Crouch_Walk_Rt_Rifle_Hip.uasset" 1116
"C:/Users/Joe Green/Documents/Unreal Projects/HeistGame/Content/Animations/ClassicAnimations/Crouch_Walk_Rt_Rifle_Hip.uexp" 1117
"C:/Users/Joe Green/Documents/Unreal Projects/HeistGame/Content/Animations/ClassicAnimations/Crouch_Walk_Lt_Rifle_Hip.uasset" 1118
"C:/Users/Joe Green/Documents/Unreal Projects/HeistGame/Content/Animations/ClassicAnimations/Crouch_Walk_Lt_Rifle_Hip.uexp" 1119
"C:/Users/Joe Green/Documents/Unreal Projects/HeistGame/Content/Animations/ClassicAnimations/Crouch_Walk_Fwd_Rifle_Hip.uasset" 1120
"C:/Users/Joe Green/Documents/Unreal Projects/HeistGame/Content/Animations/ClassicAnimations/Crouch_Walk_Fwd_Rifle_Hip.uexp" 1121
"C:/Users/Joe Green/Documents/Unreal Projects/HeistGame/Content/Animations/ClassicAnimations/Crouch_Walk_Bwd_Rifle_Hip.uasset" 1122
"C:/Users/Joe Green/Documents/Unreal Projects/HeistGame/Content/Animations/ClassicAnimations/Crouch_Walk_Bwd_Rifle_Hip.uexp" 1123
"C:/Users/Joe Green/Documents/Unreal Projects/HeistGame/Content/Animations/ClassicAnimations/BS_CrouchWalk.uasset" 1124
"C:/Users/Joe Green/Documents/Unreal Projects/HeistGame/Content/Animations/ClassicAnimations/BS_CrouchWalk.uexp" 1125
"C:/Users/Joe Green/Documents/Unreal Projects/HeistGame/Content/Animations/ClassicAnimations/Jog_Rt_Rifle.uasset" 1126
"C:/Users/Joe Green/Documents/Unreal Projects/HeistGame/Content/Animations/ClassicAnimations/Jog_Rt_Rifle.uexp" 1127
"C:/Users/Joe Green/Documents/Unreal Projects/HeistGame/Content/Animations/ClassicAnimations/Jog_Lt_Rifle.uasset" 1128
"C:/Users/Joe Green/Documents/Unreal Projects/HeistGame/Content/Animations/ClassicAnimations/Jog_Lt_Rifle.uexp" 1129
"C:/Users/Joe Green/Documents/Unreal Projects/HeistGame/Content/Animations/ClassicAnimations/Jog_Fwd_Rifle.uasset" 1130
"C:/Users/Joe Green/Documents/Unreal Projects/HeistGame/Content/Animations/ClassicAnimations/Jog_Fwd_Rifle.uexp" 1131
"C:/Users/Joe Green/Documents/Unreal Projects/HeistGame/Content/Animations/ClassicAnimations/Jog_Bwd_Rifle.uasset" 1132
"C:/Users/Joe Green/Documents/Unreal Projects/HeistGame/Content/Animations/ClassicAnimations/Jog_Bwd_Rifle.uexp" 1133
"C:/Users/Joe Green/Documents/Unreal Projects/HeistGame/Content/Animations/ClassicAnimations/Death_2.uasset" 1134
"C:/Users/Joe Green/Documents/Unreal Projects/HeistGame/Content/Animations/ClassicAnimations/Death_2.uexp" 1135
"C:/Users/Joe Green/Documents/Unreal Projects/HeistGame/Content/Characters/Player/AB_PlayerCharacter.uasset" 1136
"C:/Users/Joe Green/Documents/Unreal Projects/HeistGame/Content/Characters/Player/AB_PlayerCharacter.uexp" 1137
"C:/Users/Joe Green/Documents/Unreal Projects/HeistGame/Content/Characters/Player/BP_PlayerCharacter.uasset" 1138
"C:/Users/Joe Green/Documents/Unreal Projects/HeistGame/Content/Characters/Player/BP_PlayerCharacter.uexp" 1139
"../../../Engine/Content/BasicShapes/Plane.ubulk" 1140
"../../../Engine/Content/BasicShapes/Plane.uasset" 1141
"../../../Engine/Content/BasicShapes/Plane.uexp" 1142
"C:/Users/Joe Green/Documents/Unreal Projects/HeistGame/Content/Game/M_Extraction.uasset" 1143
"C:/Users/Joe Green/Documents/Unreal Projects/HeistGame/Content/Game/M_Extraction.uexp" 1144
"C:/Users/Joe Green/Documents/Unreal Projects/HeistGame/Content/Game/BP_ExtractionPoint.uasset" 1145
"C:/Users/Joe Green/Documents/Unreal Projects/HeistGame/Content/Game/BP_ExtractionPoint.uexp" 1146
"../../../Engine/Content/EngineSky/VolumetricClouds/VT_PerlinWorley_Balanced.uasset" 1147
"../../../Engine/Content/EngineSky/VolumetricClouds/VT_PerlinWorley_Balanced.uexp" 1148
"../../../Engine/Content/EngineSky/VolumetricClouds/T_Profile_08.ubulk" 1149
"../../../Engine/Content/EngineSky/VolumetricClouds/T_Profile_08.uasset" 1150
"../../../Engine/Content/EngineSky/VolumetricClouds/T_Profile_08.uexp" 1151
"../../../Engine/Content/EngineSky/VolumetricClouds/T_CloudPattern.ubulk" 1152
"../../../Engine/Content/EngineSky/VolumetricClouds/T_CloudPattern.uasset" 1153
"../../../Engine/Content/EngineSky/VolumetricClouds/T_CloudPattern.uexp" 1154
"../../../Engine/Content/EngineSky/VolumetricClouds/T_CloudMask.ubulk" 1155
"../../../Engine/Content/EngineSky/VolumetricClouds/T_CloudMask.uasset" 1156
"../../../Engine/Content/EngineSky/VolumetricClouds/T_CloudMask.uexp" 1157
"../../../Engine/Content/Functions/Engine_MaterialFunctions02/Utility/BreakOutFloat4Components.uasset" 1158
"../../../Engine/Content/Functions/Engine_MaterialFunctions02/Utility/BreakOutFloat4Components.uexp" 1159
"../../../Engine/Content/Functions/Engine_MaterialFunctions02/Utility/MakeFloat4.uasset" 1160
"../../../Engine/Content/Functions/Engine_MaterialFunctions02/Utility/MakeFloat4.uexp" 1161
"../../../Engine/Content/EngineResources/DefaultVolumeTexture2D.uasset" 1162
"../../../Engine/Content/EngineResources/DefaultVolumeTexture2D.uexp" 1163
"../../../Engine/Content/EngineResources/DefaultVolumeTexture.uasset" 1164
"../../../Engine/Content/EngineResources/DefaultVolumeTexture.uexp" 1165
"../../../Engine/Content/EngineSky/VolumetricClouds/VT_Lightning.uasset" 1166
"../../../Engine/Content/EngineSky/VolumetricClouds/VT_Lightning.uexp" 1167
"../../../Engine/Content/Functions/Engine_MaterialFunctions01/Units/Km-to-Cm.uasset" 1168
"../../../Engine/Content/Functions/Engine_MaterialFunctions01/Units/Km-to-Cm.uexp" 1169
"../../../Engine/Content/EngineSky/VolumetricClouds/m_SimpleVolumetricCloud.uasset" 1170
"../../../Engine/Content/EngineSky/VolumetricClouds/m_SimpleVolumetricCloud.uexp" 1171
"../../../Engine/Content/EngineSky/VolumetricClouds/m_SimpleVolumetricCloud_Inst.uasset" 1172
"../../../Engine/Content/EngineSky/VolumetricClouds/m_SimpleVolumetricCloud_Inst.uexp" 1173
"../../../Engine/Content/EngineFonts/Faces/DroidSansMono.uexp" 1174
"../../../Engine/Content/EngineFonts/Faces/DroidSansMono.uasset" 1175
"../../../Engine/Content/EngineFonts/Faces/DroidSansMono.ufont" 1176
"../../../Engine/Content/EngineFonts/DroidSansMono.uasset" 1177
"../../../Engine/Content/EngineFonts/DroidSansMono.uexp" 1178
"../../../Engine/Content/VREditor/Sounds/VR_click3.ubulk" 1179
"../../../Engine/Content/VREditor/Sounds/VR_click3.uasset" 1180
"../../../Engine/Content/VREditor/Sounds/VR_click3.uexp" 1181
"C:/Users/Joe Green/Documents/Unreal Projects/HeistGame/Content/UI/WBP_LevelComplete.uasset" 1182
"C:/Users/Joe Green/Documents/Unreal Projects/HeistGame/Content/UI/WBP_LevelComplete.uexp" 1183
"C:/Users/Joe Green/Documents/Unreal Projects/HeistGame/Content/UI/Images/Jewel2.uasset" 1184
"C:/Users/Joe Green/Documents/Unreal Projects/HeistGame/Content/UI/Images/Jewel2.uexp" 1185
"C:/Users/Joe Green/Documents/Unreal Projects/HeistGame/Content/UI/Images/crosshair.ubulk" 1186
"C:/Users/Joe Green/Documents/Unreal Projects/HeistGame/Content/UI/Images/crosshair.uasset" 1187
"C:/Users/Joe Green/Documents/Unreal Projects/HeistGame/Content/UI/Images/crosshair.uexp" 1188
"C:/Users/Joe Green/Documents/Unreal Projects/HeistGame/Content/UI/Images/HUD_Backdrop.uasset" 1189
"C:/Users/Joe Green/Documents/Unreal Projects/HeistGame/Content/UI/Images/HUD_Backdrop.uexp" 1190
"C:/Users/Joe Green/Documents/Unreal Projects/HeistGame/Content/UI/WBP_HUD.uasset" 1191
"C:/Users/Joe Green/Documents/Unreal Projects/HeistGame/Content/UI/WBP_HUD.uexp" 1192
"C:/Users/Joe Green/Documents/Unreal Projects/HeistGame/Content/UI/WBP_FailedLevel.uasset" 1193
"C:/Users/Joe Green/Documents/Unreal Projects/HeistGame/Content/UI/WBP_FailedLevel.uexp" 1194
"C:/Users/Joe Green/Documents/Unreal Projects/HeistGame/Content/UI/WBP_ExtractionTime.uasset" 1195
"C:/Users/Joe Green/Documents/Unreal Projects/HeistGame/Content/UI/WBP_ExtractionTime.uexp" 1196
"C:/Users/Joe Green/Documents/Unreal Projects/HeistGame/Content/Game/BP_PlayerController.uasset" 1197
"C:/Users/Joe Green/Documents/Unreal Projects/HeistGame/Content/Game/BP_PlayerController.uexp" 1198
"C:/Users/Joe Green/Documents/Unreal Projects/HeistGame/Content/Game/Gamemodes/BP_TutorialGameMode.uasset" 1199
"C:/Users/Joe Green/Documents/Unreal Projects/HeistGame/Content/Game/Gamemodes/BP_TutorialGameMode.uexp" 1200
"C:/Users/Joe Green/Documents/Unreal Projects/HeistGame/Content/Animations/ClassicAnimations/Death_1.uasset" 1201
"C:/Users/Joe Green/Documents/Unreal Projects/HeistGame/Content/Animations/ClassicAnimations/Death_1.uexp" 1202
"C:/Users/Joe Green/Documents/Unreal Projects/HeistGame/Content/Animations/ClassicAnimations/BS_Jog.uasset" 1203
"C:/Users/Joe Green/Documents/Unreal Projects/HeistGame/Content/Animations/ClassicAnimations/BS_Jog.uexp" 1204
"C:/Users/Joe Green/Documents/Unreal Projects/HeistGame/Content/Characters/Enemies/AB_Enemies.uasset" 1205
"C:/Users/Joe Green/Documents/Unreal Projects/HeistGame/Content/Characters/Enemies/AB_Enemies.uexp" 1206
"C:/Users/Joe Green/Documents/Unreal Projects/HeistGame/Content/Characters/Enemies/EQC_PlayerContext.uasset" 1207
"C:/Users/Joe Green/Documents/Unreal Projects/HeistGame/Content/Characters/Enemies/EQC_PlayerContext.uexp" 1208
"C:/Users/Joe Green/Documents/Unreal Projects/HeistGame/Content/Characters/Enemies/EQ_Flee.uasset" 1209
"C:/Users/Joe Green/Documents/Unreal Projects/HeistGame/Content/Characters/Enemies/EQ_Flee.uexp" 1210
"C:/Users/Joe Green/Documents/Unreal Projects/HeistGame/Content/Characters/Enemies/BB_Enemy.uasset" 1211
"C:/Users/Joe Green/Documents/Unreal Projects/HeistGame/Content/Characters/Enemies/BB_Enemy.uexp" 1212
"C:/Users/Joe Green/Documents/Unreal Projects/HeistGame/Content/Characters/Enemies/BT_Aggresive.uasset" 1213
"C:/Users/Joe Green/Documents/Unreal Projects/HeistGame/Content/Characters/Enemies/BT_Aggresive.uexp" 1214
"C:/Users/Joe Green/Documents/Unreal Projects/HeistGame/Content/Characters/Enemies/HeavyGuard/BT_HeavyGuard.uasset" 1215
"C:/Users/Joe Green/Documents/Unreal Projects/HeistGame/Content/Characters/Enemies/HeavyGuard/BT_HeavyGuard.uexp" 1216
"C:/Users/Joe Green/Documents/Unreal Projects/HeistGame/Content/Characters/Enemies/HeavyGuard/BP_EnemyAIController_HeavyGuard.uasset" 1217
"C:/Users/Joe Green/Documents/Unreal Projects/HeistGame/Content/Characters/Enemies/HeavyGuard/BP_EnemyAIController_HeavyGuard.uexp" 1218
"C:/Users/Joe Green/Documents/Unreal Projects/HeistGame/Content/Animations/ClassicAnimations/UE4_Mannequin/Materials/MI_HeavyGuard.uasset" 1219
"C:/Users/Joe Green/Documents/Unreal Projects/HeistGame/Content/Animations/ClassicAnimations/UE4_Mannequin/Materials/MI_HeavyGuard.uexp" 1220
"C:/Users/Joe Green/Documents/Unreal Projects/HeistGame/Content/Characters/Enemies/HeavyGuard/BP_HeavyGuard.uasset" 1221
"C:/Users/Joe Green/Documents/Unreal Projects/HeistGame/Content/Characters/Enemies/HeavyGuard/BP_HeavyGuard.uexp" 1222
"C:/Users/Joe Green/Documents/Unreal Projects/HeistGame/Content/Characters/Enemies/Guard/BT_Guard.uasset" 1223
"C:/Users/Joe Green/Documents/Unreal Projects/HeistGame/Content/Characters/Enemies/Guard/BT_Guard.uexp" 1224
"C:/Users/Joe Green/Documents/Unreal Projects/HeistGame/Content/Characters/Enemies/Guard/BP_EnemyAIController_Guard.uasset" 1225
"C:/Users/Joe Green/Documents/Unreal Projects/HeistGame/Content/Characters/Enemies/Guard/BP_EnemyAIController_Guard.uexp" 1226
"C:/Users/Joe Green/Documents/Unreal Projects/HeistGame/Content/Animations/ClassicAnimations/UE4_Mannequin/Materials/MI_EnemyArmour.uasset" 1227
"C:/Users/Joe Green/Documents/Unreal Projects/HeistGame/Content/Animations/ClassicAnimations/UE4_Mannequin/Materials/MI_EnemyArmour.uexp" 1228
"C:/Users/Joe Green/Documents/Unreal Projects/HeistGame/Content/Characters/Enemies/Guard/BP_Guard.uasset" 1229
"C:/Users/Joe Green/Documents/Unreal Projects/HeistGame/Content/Characters/Enemies/Guard/BP_Guard.uexp" 1230
"C:/Users/Joe Green/Documents/Unreal Projects/HeistGame/Content/Game/Levels/Tutorial.uexp" 1231
"C:/Users/Joe Green/Documents/Unreal Projects/HeistGame/Content/Game/Levels/Tutorial.umap" 1232
